Cycle start time,Cycle end time,Cycle timezone,Workout start time,Workout end time,Duration (min),Activity name,Activity Strain,Energy burned (cal),Max HR (bpm),Average HR (bpm),HR Zone 1 %,HR Zone 2 %,HR Zone 3 %,HR Zone 4 %,HR Zone 5 %,GPS enabled
2026-05-01 22:30:06,,UTC+02:00,2026-05-02 09:54:09,2026-05-02 11:28:02,93,Archery,4.0,128.0,125,93,1,0,0,0,0,false
2026-05-01 00:01:17,2026-05-01 22:30:06,UTC+02:00,2026-05-01 16:44:25,2026-05-01 17:06:16,21,Rowing,11.1,177.0,161,131,65,23,4,0,0,false
2026-05-01 00:01:17,2026-05-01 22:30:06,UTC+02:00,2026-05-01 14:56:50,2026-05-01 15:58:36,61,Archery,6.4,232.0,139,113,59,0,0,0,0,false
2026-05-01 00:01:17,2026-05-01 22:30:06,UTC+02:00,2026-05-01 13:45:44,2026-05-01 13:48:29,2,Running,4.3,20.0,152,129,31,47,6,0,0,false
2026-05-01 00:01:17,2026-05-01 22:30:06,UTC+02:00,2026-05-01 10:39:09,2026-05-01 12:06:43,87,Archery,4.8,149.0,128,98,7,0,0,0,0,false
2026-04-28 23:24:14,2026-04-29 23:40:45,UTC+02:00,2026-04-29 15:03:30,2026-04-29 17:00:23,116,Archery,6.8,299.0,136,106,27,0,0,0,0,false
2026-04-27 22:58:59,2026-04-28 23:24:14,UTC+02:00,2026-04-28 18:44:21,2026-04-28 18:54:04,9,Functional Fitness,5.0,43.0,142,115,69,6,0,0,0,false
2026-04-27 22:58:59,2026-04-28 23:24:14,UTC+02:00,2026-04-28 18:18:40,2026-04-28 18:34:00,15,Rowing,9.6,147.0,160,138,24,60,11,0,0,false
2026-04-27 22:58:59,2026-04-28 23:24:14,UTC+02:00,2026-04-28 15:24:57,2026-04-28 18:00:55,155,Archery,7.0,362.0,143,104,24,0,0,0,0,false
2026-04-26 23:39:42,2026-04-27 22:58:59,UTC+02:00,2026-04-27 15:49:12,2026-04-27 16:09:21,20,Cycling,7.8,192.0,174,137,36,21,23,13,0,false
2026-04-26 23:39:42,2026-04-27 22:58:59,UTC+02:00,2026-04-27 13:53:31,2026-04-27 15:48:21,114,Archery,7.9,407.0,154,109,45,3,0,0,0,false
2026-04-26 23:39:42,2026-04-27 22:58:59,UTC+02:00,2026-04-27 11:11:35,2026-04-27 12:40:23,88,Archery,8.2,377.0,155,114,49,7,0,0,0,false
2026-04-26 23:39:42,2026-04-27 22:58:59,UTC+02:00,2026-04-27 10:36:23,2026-04-27 10:52:50,16,Cycling,6.1,123.0,158,127,31,22,26,0,0,false
2026-04-25 23:10:10,2026-04-26 23:39:42,UTC+02:00,2026-04-26 12:50:53,2026-04-26 15:15:05,144,Archery,8.2,454.0,145,107,35,0,0,0,0,false
2026-04-23 23:28:35,2026-04-24 21:55:07,UTC+02:00,2026-04-24 14:30:56,2026-04-24 17:12:37,161,Archery,7.6,446.0,152,102,35,0,0,0,0,false
2026-04-23 23:28:35,2026-04-24 21:55:07,UTC+02:00,2026-04-24 13:20:43,2026-04-24 13:41:26,20,Walking,4.2,36.0,134,97,8,0,0,0,0,false
2026-04-21 23:16:43,2026-04-22 23:18:46,UTC+02:00,2026-04-22 14:41:15,2026-04-22 17:20:58,159,Archery,6.4,333.0,151,98,16,0,0,0,0,false
2026-04-21 23:16:43,2026-04-22 23:18:46,UTC+02:00,2026-04-22 12:27:06,2026-04-22 13:45:49,78,Walking,5.5,162.0,123,103,4,0,0,0,0,false
2026-04-20 23:08:10,2026-04-21 23:16:43,UTC+02:00,2026-04-21 16:01:32,2026-04-21 16:46:41,45,Cycling,10.6,436.0,166,138,30,53,15,0,0,false
2026-04-20 23:08:10,2026-04-21 23:16:43,UTC+02:00,2026-04-21 10:51:12,2026-04-21 12:30:56,99,Archery,6.7,281.0,152,106,31,1,0,0,0,false
2026-04-18 22:46:05,2026-04-19 23:43:08,UTC+02:00,2026-04-19 08:42:51,2026-04-19 12:42:38,239,Archery,5.2,381.0,166,86,6,0,0,0,0,false
2026-04-17 22:46:28,2026-04-18 22:46:05,UTC+02:00,2026-04-18 14:41:00,2026-04-18 16:16:45,95,Archery,6.0,233.0,136,105,27,0,0,0,0,false
2026-04-17 22:46:28,2026-04-18 22:46:05,UTC+02:00,2026-04-18 08:29:39,2026-04-18 10:53:40,144,Archery,5.9,273.0,132,100,14,0,0,0,0,false
2026-04-16 22:39:53,2026-04-17 22:46:28,UTC+02:00,2026-04-17 09:04:09,2026-04-17 09:24:40,20,Cycling,4.4,53.0,142,100,19,4,0,0,0,false
2026-04-15 23:36:41,2026-04-16 22:39:53,UTC+02:00,2026-04-16 17:24:32,2026-04-16 20:07:01,162,Archery,6.6,350.0,142,102,20,0,0,0,0,false
2026-04-15 23:36:41,2026-04-16 22:39:53,UTC+02:00,2026-04-16 15:42:10,2026-04-16 16:27:42,45,Walking,4.8,100.0,132,104,24,0,0,0,0,false
2026-04-14 23:06:38,2026-04-15 23:36:41,UTC+02:00,2026-04-15 17:16:35,2026-04-15 20:04:09,167,Archery,7.5,406.0,146,103,25,0,0,0,0,false
2026-04-14 23:06:38,2026-04-15 23:36:41,UTC+02:00,2026-04-15 14:22:05,2026-04-15 14:55:12,33,Running,5.5,133.0,160,113,43,8,2,0,0,false
2026-04-13 23:15:05,2026-04-14 23:06:38,UTC+02:00,2026-04-14 08:44:43,2026-04-14 08:52:16,7,Walking,2.7,11.0,115,94,0,0,0,0,0,false
2026-04-13 00:11:05,2026-04-13 23:15:05,UTC+02:00,2026-04-13 16:24:05,2026-04-13 16:43:40,19,Functional Fitness,6.7,30.0,121,98,7,0,0,0,0,false
2026-04-12 00:10:45,2026-04-13 00:11:05,UTC+02:00,2026-04-12 13:56:31,2026-04-12 16:35:18,158,Archery,4.0,212.0,120,80,0,0,0,0,0,false
2026-04-12 00:10:45,2026-04-13 00:11:05,UTC+02:00,2026-04-12 09:31:42,2026-04-12 11:48:52,137,Archery,4.2,192.0,131,92,2,0,0,0,0,false
2026-04-11 01:05:28,2026-04-12 00:10:45,UTC+02:00,2026-04-11 14:03:07,2026-04-11 16:25:37,142,Archery,7.7,385.0,148,106,26,0,0,0,0,false
2026-04-09 23:30:13,2026-04-11 01:05:28,UTC+02:00,2026-04-10 16:06:01,2026-04-10 17:18:45,72,Archery,7.3,317.0,141,115,74,0,0,0,0,false
2026-04-08 23:33:39,2026-04-09 23:30:13,UTC+02:00,2026-04-09 19:12:29,2026-04-09 19:33:49,21,Dog Walking,4.4,53.0,141,103,26,0,0,0,0,false
2026-04-08 23:33:39,2026-04-09 23:30:13,UTC+02:00,2026-04-09 16:57:09,2026-04-09 18:57:21,120,Archery,5.7,229.0,134,100,12,0,0,0,0,false
2026-04-08 23:33:39,2026-04-09 23:30:13,UTC+02:00,2026-04-09 11:37:16,2026-04-09 12:07:54,30,Walking,4.1,46.0,130,93,5,0,0,0,0,false
2026-04-07 23:11:38,2026-04-08 23:33:39,UTC+02:00,2026-04-08 10:45:08,2026-04-08 11:22:51,37,Walking,4.3,61.0,122,97,3,0,0,0,0,false
2026-04-06 23:18:05,2026-04-07 23:11:38,UTC+02:00,2026-04-07 14:29:21,2026-04-07 16:48:53,139,Archery,6.3,297.0,139,100,17,0,0,0,0,false
2026-04-05 23:01:29,2026-04-06 23:18:05,UTC+02:00,2026-04-06 18:36:14,2026-04-06 19:33:30,57,Dog Walking,4.2,86.0,122,91,2,0,0,0,0,false
2026-04-05 23:01:29,2026-04-06 23:18:05,UTC+02:00,2026-04-06 12:56:42,2026-04-06 14:21:42,84,Archery,5.2,151.0,122,101,3,0,0,0,0,false
2026-04-05 23:01:29,2026-04-06 23:18:05,UTC+02:00,2026-04-06 12:09:07,2026-04-06 12:26:23,17,Walking,4.1,33.0,140,93,13,0,0,0,0,false
2026-04-05 23:01:29,2026-04-06 23:18:05,UTC+02:00,2026-04-06 09:59:42,2026-04-06 11:45:33,105,Archery,4.9,167.0,123,98,4,0,0,0,0,false
2026-04-04 22:44:17,2026-04-05 23:01:29,UTC+02:00,2026-04-05 16:34:48,2026-04-05 17:45:46,70,Cycling,14.3,751.0,186,141,30,36,16,10,5,false
2026-04-04 22:44:17,2026-04-05 23:01:29,UTC+02:00,2026-04-05 11:13:00,2026-04-05 12:45:56,92,Archery,5.0,183.0,146,96,17,0,0,0,0,false
2026-04-03 23:00:45,2026-04-04 22:44:17,UTC+02:00,2026-04-04 16:26:31,2026-04-04 16:44:20,17,Cycling,5.4,113.0,157,123,80,10,1,0,0,false
2026-04-03 23:00:45,2026-04-04 22:44:17,UTC+02:00,2026-04-04 14:16:55,2026-04-04 16:10:46,113,Archery,8.2,433.0,142,111,58,0,0,0,0,false
2026-04-03 23:00:45,2026-04-04 22:44:17,UTC+02:00,2026-04-04 13:39:00,2026-04-04 14:00:50,21,Cycling,5.4,119.0,153,119,64,13,1,0,0,false
2026-04-02 23:11:47,2026-04-03 23:00:45,UTC+02:00,2026-04-03 16:04:29,2026-04-03 16:59:37,55,Cycling,12.7,562.0,176,139,38,31,19,9,0,false
2026-04-02 23:11:47,2026-04-03 23:00:45,UTC+02:00,2026-04-03 13:39:08,2026-04-03 15:13:44,94,Archery,5.2,188.0,146,98,13,0,0,0,0,false
2026-04-02 00:15:16,2026-04-02 23:11:47,UTC+02:00,2026-04-02 10:44:54,2026-04-02 11:01:27,16,Functional Fitness,6.0,22.0,114,88,0,0,0,0,0,false
2026-03-31 23:19:13,2026-04-02 00:15:16,UTC+02:00,2026-04-01 16:50:01,2026-04-01 17:03:26,13,Functional Fitness,5.8,19.0,122,93,4,0,0,0,0,false
2026-03-31 23:19:13,2026-04-02 00:15:16,UTC+02:00,2026-04-01 15:16:29,2026-04-01 15:42:32,26,Walking,5.0,93.0,153,110,46,2,0,0,0,false
2026-03-30 23:12:42,2026-03-31 23:19:13,UTC+02:00,2026-03-31 14:30:33,2026-03-31 14:56:02,25,Walking,4.4,51.0,139,102,15,0,0,0,0,false
2026-03-30 23:12:42,2026-03-31 23:19:13,UTC+02:00,2026-03-31 09:53:35,2026-03-31 10:31:54,38,Cycling,9.8,357.0,172,136,45,27,21,3,0,false
2026-03-29 23:35:08,2026-03-30 23:12:42,UTC+02:00,2026-03-30 11:45:07,2026-03-30 12:02:51,17,Functional Fitness,5.7,24.0,115,84,1,0,0,0,0,false
2026-03-28 23:23:38,2026-03-29 23:35:08,UTC+02:00,2026-03-29 17:13:58,2026-03-29 17:26:04,12,Dog Walking,4.3,33.0,156,104,14,7,4,0,0,false
2026-03-28 23:23:38,2026-03-29 23:35:08,UTC+02:00,2026-03-29 13:06:15,2026-03-29 13:57:51,51,Walking,4.3,82.0,133,94,5,0,0,0,0,false
2026-03-27 23:27:05,2026-03-28 22:23:38,UTC+01:00,2026-03-28 10:52:23,2026-03-28 11:26:01,33,Walking,4.5,68.0,153,99,18,0,0,0,0,false
2026-03-26 23:11:31,2026-03-27 23:27:05,UTC+01:00,2026-03-27 18:51:31,2026-03-27 19:07:00,15,Dog Walking,4.2,34.0,143,102,25,1,0,0,0,false
2026-03-26 23:11:31,2026-03-27 23:27:05,UTC+01:00,2026-03-27 10:26:18,2026-03-27 10:56:20,30,Walking,4.2,49.0,147,97,8,0,0,0,0,false
2026-03-25 23:08:21,2026-03-26 23:11:31,UTC+01:00,2026-03-26 17:40:05,2026-03-26 18:08:53,28,Walking,4.2,47.0,127,96,7,0,0,0,0,false
2026-03-24 22:58:50,2026-03-25 23:08:21,UTC+01:00,2026-03-25 16:07:32,2026-03-25 16:22:05,14,Functional Fitness,5.0,20.0,119,90,4,0,0,0,0,false
2026-03-24 22:58:50,2026-03-25 23:08:21,UTC+01:00,2026-03-25 13:24:35,2026-03-25 13:35:08,10,Dog Walking,4.2,23.0,141,105,16,0,0,0,0,false
2026-03-24 22:58:50,2026-03-25 23:08:21,UTC+01:00,2026-03-25 12:36:43,2026-03-25 12:55:59,19,Walking,4.4,47.0,163,102,21,1,3,0,0,false
2026-03-23 22:48:18,2026-03-24 22:58:50,UTC+01:00,2026-03-24 08:53:32,2026-03-24 09:09:53,16,Walking,4.1,29.0,128,99,10,0,0,0,0,false
2026-03-23 00:21:50,2026-03-23 22:48:18,UTC+01:00,2026-03-23 19:22:28,2026-03-23 19:36:01,13,Dog Walking,4.6,55.0,157,109,42,7,2,0,0,false
2026-03-23 00:21:50,2026-03-23 22:48:18,UTC+01:00,2026-03-23 10:31:32,2026-03-23 10:56:12,24,Dog Walking,4.1,43.0,140,97,14,0,0,0,0,false
2026-03-23 00:21:50,2026-03-23 22:48:18,UTC+01:00,2026-03-23 09:40:40,2026-03-23 09:49:41,9,Walking,0.0,12.0,106,86,0,0,0,0,0,false
2026-03-21 23:50:19,2026-03-23 00:21:50,UTC+01:00,2026-03-22 15:10:16,2026-03-22 15:46:54,36,Dog Walking,2.2,49.0,115,87,0,0,0,0,0,false
2026-03-21 23:50:19,2026-03-23 00:21:50,UTC+01:00,2026-03-22 14:27:18,2026-03-22 14:54:58,27,Walking,4.3,50.0,138,98,19,0,0,0,0,false
2026-03-20 23:29:15,2026-03-21 23:50:19,UTC+01:00,2026-03-21 11:57:30,2026-03-21 12:20:13,22,Walking,4.0,32.0,115,98,0,0,0,0,0,false
2026-03-20 23:29:15,2026-03-21 23:50:19,UTC+01:00,2026-03-21 09:45:43,2026-03-21 10:39:14,53,Cycling,10.6,437.0,170,131,53,26,11,2,0,false
2026-03-19 23:57:13,2026-03-20 23:29:15,UTC+01:00,2026-03-20 15:57:35,2026-03-20 16:08:34,10,Dog Walking,2.5,16.0,116,97,1,0,0,0,0,false
2026-03-19 23:57:13,2026-03-20 23:29:15,UTC+01:00,2026-03-20 11:56:40,2026-03-20 12:21:09,24,Walking,4.1,38.0,121,95,3,0,0,0,0,false
2026-03-19 23:57:13,2026-03-20 23:29:15,UTC+01:00,2026-03-20 09:29:29,2026-03-20 09:57:09,27,Walking,4.6,63.0,126,104,21,0,0,0,0,false
2026-03-19 00:00:42,2026-03-19 23:57:13,UTC+01:00,2026-03-19 14:25:23,2026-03-19 14:42:12,16,Archery,4.0,25.0,121,99,3,0,0,0,0,false
2026-03-19 00:00:42,2026-03-19 23:57:13,UTC+01:00,2026-03-19 13:43:15,2026-03-19 14:05:46,22,Dog Walking,4.1,36.0,119,99,5,0,0,0,0,false
2026-03-19 00:00:42,2026-03-19 23:57:13,UTC+01:00,2026-03-19 12:01:48,2026-03-19 12:11:25,9,Walking,4.1,21.0,127,105,14,0,0,0,0,false
2026-03-19 00:00:42,2026-03-19 23:57:13,UTC+01:00,2026-03-19 11:02:50,2026-03-19 11:56:33,53,Archery,4.9,110.0,129,104,18,0,0,0,0,false
2026-03-17 23:04:39,2026-03-19 00:00:42,UTC+01:00,2026-03-18 17:00:04,2026-03-18 17:42:48,42,Cycling,12.9,485.0,176,145,23,22,24,27,1,false
2026-03-17 23:04:39,2026-03-19 00:00:42,UTC+01:00,2026-03-18 15:28:23,2026-03-18 15:59:44,31,Walking,4.6,70.0,144,101,21,1,0,0,0,false
2026-03-17 00:32:05,2026-03-17 23:04:39,UTC+01:00,2026-03-17 13:27:01,2026-03-17 13:34:07,7,Dog Walking,0.0,9.0,104,92,0,0,0,0,0,false
2026-03-17 00:32:05,2026-03-17 23:04:39,UTC+01:00,2026-03-17 12:00:41,2026-03-17 12:16:38,15,Walking,4.1,32.0,139,97,18,0,0,0,0,false
2026-03-15 23:02:34,2026-03-17 00:32:05,UTC+01:00,2026-03-16 08:15:38,2026-03-16 08:25:50,10,Walking,0.0,14.0,120,90,2,0,0,0,0,false
2026-03-14 23:19:53,2026-03-15 23:02:34,UTC+01:00,2026-03-15 20:55:41,2026-03-15 21:01:51,6,Dog Walking,0.9,8.0,112,94,0,0,0,0,0,false
2026-03-14 23:19:53,2026-03-15 23:02:34,UTC+01:00,2026-03-15 11:43:08,2026-03-15 12:04:32,21,Walking,4.2,42.0,127,101,17,0,0,0,0,false
2026-03-13 23:12:52,2026-03-14 23:19:53,UTC+01:00,2026-03-14 14:38:45,2026-03-14 14:43:37,4,Walking,0.0,6.0,116,95,2,0,0,0,0,false
2026-03-12 22:52:17,2026-03-13 23:12:52,UTC+01:00,2026-03-13 17:24:33,2026-03-13 17:39:35,15,Functional Fitness,5.1,20.0,114,88,0,0,0,0,0,false
2026-03-12 22:52:17,2026-03-13 23:12:52,UTC+01:00,2026-03-13 15:33:02,2026-03-13 15:46:50,13,Dog Walking,3.7,21.0,121,93,6,0,0,0,0,false
2026-03-12 22:52:17,2026-03-13 23:12:52,UTC+01:00,2026-03-13 09:49:01,2026-03-13 10:01:36,12,Walking,4.1,23.0,132,98,13,0,0,0,0,false
2026-03-11 23:33:16,2026-03-12 22:52:17,UTC+01:00,2026-03-12 11:37:00,2026-03-12 11:56:00,19,Dog Walking,5.0,92.0,154,116,80,3,0,0,0,false
2026-03-11 23:33:16,2026-03-12 22:52:17,UTC+01:00,2026-03-12 09:16:53,2026-03-12 09:45:34,28,Walking,4.4,51.0,116,100,1,0,0,0,0,false
2026-03-11 23:33:16,2026-03-12 22:52:17,UTC+01:00,2026-03-12 08:35:11,2026-03-12 08:43:26,8,Walking,4.2,26.0,132,104,46,0,0,0,0,false
2026-03-10 23:09:14,2026-03-11 23:33:16,UTC+01:00,2026-03-11 14:21:20,2026-03-11 14:34:31,13,Dog Walking,4.2,36.0,136,104,35,0,0,0,0,false
2026-03-10 23:09:14,2026-03-11 23:33:16,UTC+01:00,2026-03-11 09:41:28,2026-03-11 09:54:13,12,Walking,4.1,24.0,129,98,8,0,0,0,0,false
2026-03-09 23:11:46,2026-03-10 23:09:14,UTC+01:00,2026-03-10 16:53:30,2026-03-10 17:47:16,53,Cycling,10.5,429.0,173,130,57,21,7,5,0,false
2026-03-09 23:11:46,2026-03-10 23:09:14,UTC+01:00,2026-03-10 14:53:08,2026-03-10 15:06:59,13,Dog Walking,4.3,43.0,155,99,31,2,3,0,0,false
2026-03-09 23:11:46,2026-03-10 23:09:14,UTC+01:00,2026-03-10 10:52:10,2026-03-10 11:08:09,15,Walking,4.2,32.0,128,101,18,0,0,0,0,false
2026-03-08 22:16:34,2026-03-09 23:11:46,UTC+01:00,2026-03-09 18:51:28,2026-03-09 19:06:16,14,Dog Walking,4.6,56.0,145,111,56,1,0,0,0,false
2026-03-08 22:16:34,2026-03-09 23:11:46,UTC+01:00,2026-03-09 16:13:42,2026-03-09 16:24:48,11,Functional Fitness,4.5,16.0,116,91,1,0,0,0,0,false
2026-03-08 22:16:34,2026-03-09 23:11:46,UTC+01:00,2026-03-09 11:41:52,2026-03-09 11:53:25,11,Walking,4.7,52.0,152,109,17,22,2,0,0,false
2026-03-07 22:57:48,2026-03-08 22:16:34,UTC+01:00,2026-03-08 12:49:21,2026-03-08 13:37:46,48,Archery,5.9,167.0,140,111,39,0,0,0,0,false
2026-03-07 22:57:48,2026-03-08 22:16:34,UTC+01:00,2026-03-08 10:50:38,2026-03-08 12:20:06,89,Archery,5.9,199.0,133,103,12,0,0,0,0,false
2026-03-07 22:57:48,2026-03-08 22:16:34,UTC+01:00,2026-03-08 08:27:36,2026-03-08 10:13:10,105,Archery,6.1,248.0,138,103,18,0,0,0,0,false
2026-03-06 23:41:40,2026-03-07 22:57:48,UTC+01:00,2026-03-07 17:31:47,2026-03-07 17:47:27,15,Dog Walking,4.4,42.0,131,107,26,0,0,0,0,false
2026-03-06 23:41:40,2026-03-07 22:57:48,UTC+01:00,2026-03-07 12:49:07,2026-03-07 13:03:37,14,Walking,4.2,32.0,131,100,26,0,0,0,0,false
2026-03-06 23:41:40,2026-03-07 22:57:48,UTC+01:00,2026-03-07 09:55:05,2026-03-07 10:04:51,9,Dog Walking,4.1,20.0,129,100,15,0,0,0,0,false
2026-03-05 23:20:39,2026-03-06 23:41:40,UTC+01:00,2026-03-06 18:01:14,2026-03-06 18:09:37,8,Functional Fitness,3.4,11.0,116,91,1,0,0,0,0,false
2026-03-05 23:20:39,2026-03-06 23:41:40,UTC+01:00,2026-03-06 13:46:01,2026-03-06 13:55:40,9,Dog Walking,3.1,14.0,112,97,0,0,0,0,0,false
2026-03-05 23:20:39,2026-03-06 23:41:40,UTC+01:00,2026-03-06 10:38:17,2026-03-06 10:52:09,13,Walking,4.2,31.0,130,102,21,0,0,0,0,false
2026-03-04 23:18:15,2026-03-05 23:20:39,UTC+01:00,2026-03-05 17:19:12,2026-03-05 19:01:08,101,Archery,4.9,166.0,128,99,4,0,0,0,0,false
2026-03-04 23:18:15,2026-03-05 23:20:39,UTC+01:00,2026-03-05 13:20:23,2026-03-05 14:06:26,46,Cycling,12.9,517.0,175,143,18,20,38,17,0,false
2026-03-03 23:56:13,2026-03-04 23:18:15,UTC+01:00,2026-03-04 17:48:43,2026-03-04 18:05:50,17,Functional Fitness,5.1,23.0,112,83,0,0,0,0,0,false
2026-03-03 23:56:13,2026-03-04 23:18:15,UTC+01:00,2026-03-04 14:20:42,2026-03-04 14:34:55,14,Dog Walking,4.2,36.0,140,101,27,0,0,0,0,false
2026-03-03 23:56:13,2026-03-04 23:18:15,UTC+01:00,2026-03-04 09:43:05,2026-03-04 09:55:27,12,Dog Walking,1.7,17.0,117,92,1,0,0,0,0,false
2026-03-03 00:32:07,2026-03-03 23:56:13,UTC+01:00,2026-03-03 16:59:00,2026-03-03 17:46:40,47,Cycling,10.0,419.0,173,133,55,32,5,3,0,false
2026-03-03 00:32:07,2026-03-03 23:56:13,UTC+01:00,2026-03-03 16:00:00,2026-03-03 16:40:00,40,Dog Walking,4.4,73.0,126,98,8,0,0,0,0,false
2026-03-03 00:32:07,2026-03-03 23:56:13,UTC+01:00,2026-03-03 10:12:00,2026-03-03 10:42:19,30,Walking,4.3,50.0,125,100,0,0,0,0,0,false
2026-03-01 23:16:33,2026-03-03 00:32:07,UTC+01:00,2026-03-02 19:24:59,2026-03-02 19:48:40,23,Archery,0.9,32.0,113,82,0,0,0,0,0,false
2026-03-01 23:16:33,2026-03-03 00:32:07,UTC+01:00,2026-03-02 18:43:00,2026-03-02 18:54:00,11,Dog Walking,0.0,15.0,102,82,0,0,0,0,0,false
2026-03-01 23:16:33,2026-03-03 00:32:07,UTC+01:00,2026-03-02 17:16:27,2026-03-02 18:28:49,72,Archery,5.1,146.0,130,101,13,0,0,0,0,false
2026-03-01 23:16:33,2026-03-03 00:32:07,UTC+01:00,2026-03-02 10:57:51,2026-03-02 11:15:35,17,Dog Walking,0.0,24.0,113,90,0,0,0,0,0,false
2026-02-28 23:15:01,2026-03-01 23:16:33,UTC+01:00,2026-03-01 17:04:28,2026-03-01 17:41:28,36,Walking,4.5,67.0,131,102,9,0,0,0,0,false
2026-02-28 23:15:01,2026-03-01 23:16:33,UTC+01:00,2026-03-01 10:22:30,2026-03-01 14:05:11,222,Archery,5.8,361.0,132,98,5,0,0,0,0,false
2026-02-27 23:16:27,2026-02-28 23:15:01,UTC+01:00,2026-02-28 17:37:00,2026-02-28 17:47:00,10,Dog Walking,0.3,13.0,112,93,0,0,0,0,0,false
2026-02-27 23:16:27,2026-02-28 23:15:01,UTC+01:00,2026-02-28 16:43:45,2026-02-28 17:30:19,46,Archery,1.7,62.0,117,87,0,0,0,0,0,false
2026-02-26 22:33:53,2026-02-27 23:16:27,UTC+01:00,2026-02-27 19:00:00,2026-02-27 19:12:00,12,Walking,0.0,16.0,110,95,0,0,0,0,0,false
2026-02-26 22:33:53,2026-02-27 23:16:27,UTC+01:00,2026-02-27 15:22:30,2026-02-27 16:01:37,39,Cycling,10.7,398.0,167,140,40,27,31,2,0,false
2026-02-26 22:33:53,2026-02-27 23:16:27,UTC+01:00,2026-02-27 14:35:00,2026-02-27 14:47:00,12,Dog Walking,0.0,16.0,108,90,0,0,0,0,0,false
2026-02-25 22:41:12,2026-02-26 22:33:53,UTC+01:00,2026-02-26 19:01:16,2026-02-26 20:00:59,59,Archery,0.0,79.0,98,81,0,0,0,0,0,false
2026-02-25 22:41:12,2026-02-26 22:33:53,UTC+01:00,2026-02-26 18:17:00,2026-02-26 18:27:00,10,Dog Walking,0.0,13.0,100,85,0,0,0,0,0,false
2026-02-25 22:41:12,2026-02-26 22:33:53,UTC+01:00,2026-02-26 17:30:10,2026-02-26 18:12:50,42,Archery,0.0,57.0,112,87,0,0,0,0,0,false
2026-02-25 22:41:12,2026-02-26 22:33:53,UTC+01:00,2026-02-26 13:22:00,2026-02-26 13:31:00,9,Dog Walking,0.0,12.0,100,76,0,0,0,0,0,false
2026-02-25 22:41:12,2026-02-26 22:33:53,UTC+01:00,2026-02-26 11:25:00,2026-02-26 11:36:00,11,Dog Walking,0.0,15.0,95,78,0,0,0,0,0,false
2026-02-22 23:35:22,2026-02-23 22:59:39,UTC+01:00,2026-02-23 19:24:57,2026-02-23 20:02:11,37,Archery,0.2,50.0,111,83,0,0,0,0,0,false
2026-02-22 23:35:22,2026-02-23 22:59:39,UTC+01:00,2026-02-23 17:45:57,2026-02-23 18:13:50,27,Archery,4.0,40.0,119,95,1,0,0,0,0,false
2026-02-22 00:18:50,2026-02-22 23:35:22,UTC+01:00,2026-02-22 16:16:30,2026-02-22 16:55:57,39,Cycling,10.4,399.0,171,140,37,46,13,4,0,false
2026-02-22 00:18:50,2026-02-22 23:35:22,UTC+01:00,2026-02-22 11:11:05,2026-02-22 12:27:26,76,Archery,4.1,106.0,122,87,1,0,0,0,0,false
2026-02-20 23:04:17,2026-02-22 00:18:50,UTC+01:00,2026-02-21 14:22:30,2026-02-21 14:56:59,34,Cycling,12.3,394.0,177,145,34,14,19,28,2,false
2026-02-20 00:41:16,2026-02-20 23:04:17,UTC+01:00,2026-02-20 17:06:29,2026-02-20 18:33:54,87,Archery,4.4,126.0,125,94,0,0,0,0,0,false
2026-02-18 23:45:03,2026-02-20 00:41:16,UTC+01:00,2026-02-19 15:31:30,2026-02-19 16:03:38,32,Cycling,9.7,325.0,178,140,33,40,23,4,0,false
2026-02-17 23:58:17,2026-02-18 23:45:03,UTC+01:00,2026-02-18 17:30:11,2026-02-18 17:49:24,19,Functional Fitness,4.1,35.0,134,97,18,0,0,0,0,false
2026-02-17 23:58:17,2026-02-18 23:45:03,UTC+01:00,2026-02-18 16:06:43,2026-02-18 16:28:43,22,Walking,4.0,32.0,123,98,2,0,0,0,0,false
2026-02-17 00:18:15,2026-02-17 23:58:17,UTC+01:00,2026-02-17 16:10:51,2026-02-17 16:23:19,12,Walking,4.0,19.0,119,101,1,0,0,0,0,false
2026-02-17 00:18:15,2026-02-17 23:58:17,UTC+01:00,2026-02-17 10:54:00,2026-02-17 11:19:21,25,Cycling,7.7,235.0,165,137,45,42,13,0,0,false
2026-02-15 23:37:12,2026-02-17 00:18:15,UTC+01:00,2026-02-16 17:41:05,2026-02-16 18:39:11,58,Archery,4.4,93.0,122,94,5,0,0,0,0,false
2026-02-15 23:37:12,2026-02-17 00:18:15,UTC+01:00,2026-02-16 16:31:43,2026-02-16 17:05:09,33,Cycling,7.6,243.0,176,127,55,17,12,2,0,false
2026-02-14 23:19:35,2026-02-15 23:37:12,UTC+01:00,2026-02-15 12:33:40,2026-02-15 16:20:13,226,Archery,4.2,306.0,118,90,0,0,0,0,0,false
2026-02-13 23:45:00,2026-02-14 23:19:35,UTC+01:00,2026-02-14 14:21:40,2026-02-14 15:01:54,40,Archery,4.3,73.0,129,93,11,0,0,0,0,false
2026-02-13 23:45:00,2026-02-14 23:19:35,UTC+01:00,2026-02-14 13:27:55,2026-02-14 14:16:13,48,Walking,4.5,82.0,126,100,6,0,0,0,0,false
2026-02-12 23:57:24,2026-02-13 23:45:00,UTC+01:00,2026-02-13 14:36:40,2026-02-13 15:06:49,30,Cycling,9.2,285.0,174,137,34,28,21,7,0,false
2026-02-12 23:57:24,2026-02-13 23:45:00,UTC+01:00,2026-02-13 12:02:12,2026-02-13 12:13:49,11,Functional Fitness,4.0,20.0,131,94,19,0,0,0,0,false
2026-02-11 23:34:56,2026-02-12 23:57:24,UTC+01:00,2026-02-12 18:38:39,2026-02-12 19:10:45,32,Archery,0.8,43.0,113,92,0,0,0,0,0,false
2026-02-11 23:34:56,2026-02-12 23:57:24,UTC+01:00,2026-02-12 17:12:41,2026-02-12 18:20:03,67,Archery,4.6,114.0,136,98,8,0,0,0,0,false
2026-02-10 02:35:07,2026-02-11 00:55:55,UTC+01:00,2026-02-10 15:38:40,2026-02-10 15:45:53,7,Walking,4.1,18.0,134,105,26,0,0,0,0,false
2026-02-10 02:35:07,2026-02-11 00:55:55,UTC+01:00,2026-02-10 14:56:43,2026-02-10 15:04:00,7,Walking,1.2,10.0,119,99,0,0,0,0,0,false
2026-02-10 02:35:07,2026-02-11 00:55:55,UTC+01:00,2026-02-10 11:58:48,2026-02-10 12:05:21,6,Walking,4.0,11.0,119,99,2,0,0,0,0,false
2026-02-10 02:35:07,2026-02-11 00:55:55,UTC+01:00,2026-02-10 11:16:53,2026-02-10 11:22:50,5,Walking,4.0,13.0,126,106,20,0,0,0,0,false
2026-02-08 01:13:31,2026-02-08 23:06:02,UTC+01:00,2026-02-08 14:45:32,2026-02-08 16:00:19,74,Archery,4.2,109.0,124,93,2,0,0,0,0,false
2026-02-06 23:40:11,2026-02-08 01:13:31,UTC+01:00,2026-02-07 17:39:45,2026-02-07 18:03:52,24,Dog Walking,4.2,46.0,142,97,16,0,0,0,0,false
2026-02-06 23:40:11,2026-02-08 01:13:31,UTC+01:00,2026-02-07 10:48:10,2026-02-07 11:07:39,19,Dog Walking,4.0,27.0,116,98,0,0,0,0,0,false
2026-02-05 23:07:39,2026-02-06 23:40:11,UTC+01:00,2026-02-06 18:10:52,2026-02-06 18:18:11,7,Dog Walking,1.8,10.0,114,89,0,0,0,0,0,false
2026-02-05 02:24:09,2026-02-05 23:07:39,UTC+01:00,2026-02-05 17:57:02,2026-02-05 19:15:02,78,Archery,4.5,130.0,137,93,8,0,0,0,0,false
2026-02-04 00:04:36,2026-02-05 02:24:09,UTC+01:00,2026-02-04 14:28:05,2026-02-04 14:58:30,30,Walking,4.4,59.0,125,101,11,0,0,0,0,false
2026-02-03 00:27:22,2026-02-04 00:04:36,UTC+01:00,2026-02-03 17:38:07,2026-02-03 17:46:23,8,Walking,0.0,11.0,125,95,2,0,0,0,0,false
2026-01-28 23:16:25,2026-01-30 01:49:39,UTC+01:00,2026-01-29 17:31:43,2026-01-29 19:34:45,123,Archery,4.9,207.0,133,90,9,0,0,0,0,false
2026-01-23 00:10:10,2026-01-24 02:00:14,UTC+01:00,2026-01-23 17:02:59,2026-01-23 18:18:32,75,Archery,4.4,116.0,124,95,6,0,0,0,0,false
2026-01-21 23:52:17,2026-01-23 00:10:10,UTC+01:00,2026-01-22 17:13:37,2026-01-22 18:14:25,60,Archery,4.9,131.0,133,100,25,0,0,0,0,false
2026-01-16 01:07:56,2026-01-17 02:41:29,UTC+01:00,2026-01-16 17:13:51,2026-01-16 18:09:36,55,Archery,5.2,143.0,146,101,26,0,0,0,0,false
2026-01-14 02:01:48,2026-01-15 02:43:50,UTC+01:00,2026-01-14 18:39:50,2026-01-14 20:08:06,88,Archery,3.7,117.0,119,88,0,0,0,0,0,false
2026-01-09 00:11:05,2026-01-10 01:47:36,UTC+01:00,2026-01-09 17:13:06,2026-01-09 17:57:17,44,Archery,4.6,88.0,124,101,10,0,0,0,0,false
2026-01-08 01:33:33,2026-01-09 00:11:05,UTC+01:00,2026-01-08 18:24:31,2026-01-08 19:28:08,63,Archery,5.2,136.0,136,104,13,0,0,0,0,false
2025-12-24 02:29:39,2025-12-25 02:16:06,UTC+01:00,2025-12-24 14:59:51,2025-12-24 15:24:13,24,Running,8.6,258.0,169,143,9,56,30,1,0,false
2025-12-19 02:22:10,2025-12-20 02:35:27,UTC+01:00,2025-12-19 18:44:20,2025-12-19 20:12:55,88,Archery,6.7,287.0,144,109,43,0,0,0,0,false
2025-12-18 02:17:52,2025-12-19 02:22:10,UTC+01:00,2025-12-18 18:18:40,2025-12-18 20:04:47,106,Archery,4.9,183.0,140,99,8,0,0,0,0,false
2025-12-16 02:44:18,2025-12-17 00:17:21,UTC+01:00,2025-12-16 17:16:10,2025-12-16 19:10:44,114,Archery,4.1,157.0,124,93,0,0,0,0,0,false
2025-12-10 00:46:58,2025-12-11 03:39:31,UTC+01:00,2025-12-10 17:44:39,2025-12-10 19:57:33,132,Archery,4.5,203.0,130,86,5,0,0,0,0,false
2025-12-07 02:51:24,2025-12-08 01:38:26,UTC+01:00,2025-12-07 17:07:58,2025-12-07 18:00:19,52,Archery,6.0,189.0,146,112,54,1,0,0,0,false
2025-12-04 01:48:08,2025-12-05 01:28:50,UTC+01:00,2025-12-04 18:27:08,2025-12-04 19:30:09,63,Archery,7.0,278.0,145,115,66,1,0,0,0,false
2025-11-21 02:23:24,2025-11-22 02:34:54,UTC+01:00,2025-11-21 10:28:30,2025-11-21 10:44:59,16,Walking,4.6,64.0,140,110,63,0,0,0,0,false
2025-11-19 01:38:20,2025-11-20 02:30:22,UTC+01:00,2025-11-19 16:00:00,2025-11-19 16:14:59,14,Walking,4.6,60.0,137,111,69,0,0,0,0,false
2025-11-19 01:38:20,2025-11-20 02:30:22,UTC+01:00,2025-11-19 14:55:28,2025-11-19 15:51:07,55,Archery,4.6,104.0,127,96,14,0,0,0,0,false
2025-11-17 00:36:41,2025-11-18 02:04:48,UTC+01:00,2025-11-17 18:18:46,2025-11-17 19:46:59,88,Archery,4.2,132.0,159,88,2,0,0,0,0,false
2025-11-07 23:32:57,2025-11-09 01:58:28,UTC+01:00,2025-11-08 09:12:00,2025-11-08 12:55:00,223,Cycling,13.2,979.0,174,111,36,9,5,1,0,false
2025-11-05 23:19:18,2025-11-06 23:35:54,UTC+01:00,2025-11-06 17:14:17,2025-11-06 18:44:35,90,Cycling,13.3,802.0,162,133,36,43,14,0,0,false
2025-11-04 23:53:39,2025-11-05 23:19:18,UTC+01:00,2025-11-05 17:28:22,2025-11-05 18:45:09,76,Cycling,14.4,777.0,184,137,18,36,20,11,3,false
2025-10-30 01:38:37,2025-10-31 01:32:39,UTC+01:00,2025-10-30 13:07:16,2025-10-30 15:59:30,172,Cycling,16.1,1228.0,181,122,24,13,17,8,0,false
2025-10-29 00:39:06,2025-10-30 01:38:37,UTC+01:00,2025-10-29 10:43:14,2025-10-29 12:01:46,78,Cycling,9.0,410.0,171,112,49,13,4,0,0,false
2025-10-28 00:33:25,2025-10-29 00:39:06,UTC+01:00,2025-10-28 10:12:00,2025-10-28 13:05:59,173,Cycling,15.0,1185.0,179,121,51,12,12,3,0,false
2025-10-24 00:41:09,2025-10-25 01:28:11,UTC+02:00,2025-10-24 13:25:40,2025-10-24 14:21:14,55,Walking,5.7,169.0,148,103,26,4,0,0,0,false
2025-10-23 01:16:21,2025-10-24 00:41:09,UTC+02:00,2025-10-23 13:28:28,2025-10-23 14:04:42,36,Walking,5.3,123.0,128,106,41,0,0,0,0,false
2025-10-22 01:51:49,2025-10-23 01:16:21,UTC+02:00,2025-10-22 11:10:00,2025-10-22 12:11:57,61,Walking,5.5,156.0,136,100,20,0,0,0,0,false
2025-10-22 01:51:49,2025-10-23 01:16:21,UTC+02:00,2025-10-22 09:49:20,2025-10-22 10:05:25,16,Functional Fitness,4.5,22.0,111,80,0,0,0,0,0,false
2025-10-18 02:32:45,2025-10-19 00:29:43,UTC+02:00,2025-10-18 12:23:14,2025-10-18 15:23:04,179,Cycling,19.9,2120.0,180,145,19,18,33,24,0,false
2025-10-17 00:16:12,2025-10-18 02:32:45,UTC+02:00,2025-10-17 10:50:33,2025-10-17 11:38:49,48,Activity,6.0,195.0,139,110,44,0,0,0,0,false
2025-10-13 23:54:59,2025-10-14 23:43:35,UTC+02:00,2025-10-14 14:15:41,2025-10-14 15:59:57,104,Cycling,16.4,1184.0,170,144,20,28,42,6,0,false
2025-10-05 23:05:02,2025-10-07 00:00:12,UTC+02:00,2025-10-06 14:53:26,2025-10-06 16:10:55,77,Cycling,11.0,522.0,171,125,45,20,6,2,0,false
2025-10-03 23:40:26,2025-10-05 02:19:57,UTC+02:00,2025-10-04 15:00:04,2025-10-04 16:01:45,61,Cycling,10.8,535.0,154,134,67,30,0,0,0,false
2025-10-03 00:57:55,2025-10-03 23:40:26,UTC+02:00,2025-10-03 13:59:23,2025-10-03 15:11:02,71,Cycling,11.8,557.0,168,130,24,38,11,0,0,false
2025-10-02 00:03:28,2025-10-03 00:57:55,UTC+02:00,2025-10-02 17:25:30,2025-10-02 18:50:59,85,Cycling,10.8,544.0,166,124,44,24,3,0,0,false
2025-10-02 00:03:28,2025-10-03 00:57:55,UTC+02:00,2025-10-02 15:05:45,2025-10-02 16:57:31,111,Activity,4.7,177.0,124,97,2,0,0,0,0,false
2025-10-02 00:03:28,2025-10-03 00:57:55,UTC+02:00,2025-10-02 14:39:21,2025-10-02 14:56:45,17,Cycling,5.4,100.0,155,119,40,23,1,0,0,false
2025-09-29 23:40:50,2025-09-30 23:16:22,UTC+02:00,2025-09-30 18:07:30,2025-09-30 19:25:29,77,Cycling,14.2,761.0,178,139,33,20,19,17,0,false
2025-09-29 23:40:50,2025-09-30 23:16:22,UTC+02:00,2025-09-30 16:48:08,2025-09-30 17:32:14,44,Activity,4.6,86.0,126,104,3,0,0,0,0,false
2025-09-29 23:40:50,2025-09-30 23:16:22,UTC+02:00,2025-09-30 16:15:06,2025-09-30 16:31:56,16,Cycling,5.6,95.0,173,122,42,8,4,6,0,false
2025-09-29 00:21:23,2025-09-29 23:40:50,UTC+02:00,2025-09-29 17:16:42,2025-09-29 18:18:12,61,Cycling,7.0,276.0,162,116,54,3,1,0,0,false
2025-09-29 00:21:23,2025-09-29 23:40:50,UTC+02:00,2025-09-29 10:38:41,2025-09-29 11:41:45,63,Activity,4.2,97.0,124,97,1,0,0,0,0,false
2025-09-26 23:17:19,2025-09-27 23:31:12,UTC+02:00,2025-09-27 09:12:02,2025-09-27 13:19:04,247,Cycling,18.9,2160.0,183,134,43,19,13,11,0,false
2025-09-25 00:16:52,2025-09-26 01:20:25,UTC+02:00,2025-09-25 10:45:49,2025-09-25 12:19:23,93,Activity,4.5,147.0,125,99,1,0,0,0,0,false
2025-09-24 00:06:58,2025-09-25 00:16:52,UTC+02:00,2025-09-24 17:41:49,2025-09-24 18:26:07,44,Walking,4.4,70.0,122,103,0,0,0,0,0,false
2025-09-24 00:06:58,2025-09-25 00:16:52,UTC+02:00,2025-09-24 16:13:56,2025-09-24 17:27:42,73,Activity,5.4,151.0,125,106,5,0,0,0,0,false
2025-09-24 00:06:58,2025-09-25 00:16:52,UTC+02:00,2025-09-24 10:29:21,2025-09-24 11:29:47,60,Cycling,9.2,433.0,152,128,79,9,0,0,0,false
2025-09-22 23:56:36,2025-09-24 00:06:58,UTC+02:00,2025-09-23 09:49:52,2025-09-23 10:19:39,29,Walking,4.2,51.0,122,104,3,0,0,0,0,false
2025-09-20 23:00:02,2025-09-21 22:50:03,UTC+02:00,2025-09-21 10:47:22,2025-09-21 11:06:17,18,Cycling,5.8,128.0,160,129,45,25,8,0,0,false
2025-09-20 23:00:02,2025-09-21 22:50:03,UTC+02:00,2025-09-21 09:21:49,2025-09-21 10:36:11,74,Activity,5.6,169.0,129,110,20,0,0,0,0,false
2025-09-20 23:00:02,2025-09-21 22:50:03,UTC+02:00,2025-09-21 08:55:13,2025-09-21 09:11:41,16,Cycling,4.4,48.0,139,106,36,0,0,0,0,false
2025-09-19 23:06:00,2025-09-20 23:00:02,UTC+02:00,2025-09-20 09:40:11,2025-09-20 09:53:19,13,Functional Fitness,4.5,47.0,164,107,22,8,5,0,0,false
2025-09-18 23:12:43,2025-09-19 23:06:00,UTC+02:00,2025-09-19 15:27:30,2025-09-19 17:14:50,107,Cycling,15.3,1117.0,175,143,28,39,29,3,0,false
2025-09-18 23:12:43,2025-09-19 23:06:00,UTC+02:00,2025-09-19 14:16:41,2025-09-19 15:11:54,55,Activity,4.5,92.0,126,105,4,0,0,0,0,false
2025-09-18 23:12:43,2025-09-19 23:06:00,UTC+02:00,2025-09-19 13:45:58,2025-09-19 14:03:20,17,Cycling,5.0,89.0,152,122,63,10,0,0,0,false
2025-09-17 23:08:30,2025-09-18 23:12:43,UTC+02:00,2025-09-18 15:06:28,2025-09-18 16:26:00,79,Cycling,16.8,1014.0,185,153,12,14,32,29,8,false
2025-09-17 23:08:30,2025-09-18 23:12:43,UTC+02:00,2025-09-18 10:59:19,2025-09-18 12:11:54,72,Activity,4.0,102.0,121,99,0,0,0,0,0,false
2025-09-15 23:26:51,2025-09-16 21:39:45,UTC+02:00,2025-09-16 17:39:51,2025-09-16 19:54:56,135,Cycling,6.1,310.0,147,104,26,0,0,0,0,false
2025-09-15 23:26:51,2025-09-16 21:39:45,UTC+02:00,2025-09-16 15:07:41,2025-09-16 16:06:45,59,Activity,4.1,87.0,124,101,1,0,0,0,0,false
2025-09-14 20:19:01,2025-09-15 23:26:51,UTC+02:00,2025-09-15 14:10:39,2025-09-15 14:54:29,43,Activity,4.3,72.0,124,105,2,0,0,0,0,false
2025-09-13 22:21:32,2025-09-14 20:19:01,UTC+02:00,2025-09-14 07:36:00,2025-09-14 07:59:59,23,Running,7.3,212.0,165,137,38,42,14,0,0,false
2025-09-04 00:53:18,2025-09-05 01:19:20,UTC+09:00,2025-09-04 17:42:00,2025-09-04 18:04:29,22,Running,11.8,308.0,189,155,14,23,19,26,18,false
2025-08-30 17:48:30,2025-08-31 23:24:05,UTC+09:00,2025-08-31 06:09:00,2025-08-31 06:38:59,29,Running,11.6,353.0,179,147,28,23,23,16,8,false
2025-08-28 01:33:38,2025-08-28 23:16:16,UTC+02:00,2025-08-28 16:53:45,2025-08-28 17:07:34,13,Cycling,0.0,19.0,112,91,0,0,0,0,0,false
2025-08-26 23:01:34,2025-08-28 01:33:38,UTC+02:00,2025-08-27 08:27:52,2025-08-27 08:41:28,13,Cycling,0.0,19.0,111,90,0,0,0,0,0,false
2025-08-13 23:49:49,2025-08-14 23:43:48,UTC+02:00,2025-08-14 15:57:41,2025-08-14 16:11:17,13,Cycling,4.1,32.0,141,100,16,0,0,0,0,false
2025-08-13 23:49:49,2025-08-14 23:43:48,UTC+02:00,2025-08-14 08:37:41,2025-08-14 08:52:53,15,Cycling,4.1,30.0,125,99,13,0,0,0,0,false
2025-08-08 01:47:00,2025-08-09 01:00:54,UTC+02:00,2025-08-08 19:28:46,2025-08-08 20:02:45,33,Running,13.6,455.0,189,154,14,29,10,22,24,false
2025-08-04 23:33:02,2025-08-06 00:56:57,UTC+02:00,2025-08-05 13:15:45,2025-08-05 13:30:34,14,Cycling,5.4,102.0,151,125,65,25,0,0,0,false
2025-08-04 23:33:02,2025-08-06 00:56:57,UTC+02:00,2025-08-05 09:05:24,2025-08-05 09:20:17,14,Cycling,4.6,61.0,139,108,60,0,0,0,0,false
2025-08-04 00:24:00,2025-08-04 23:33:02,UTC+02:00,2025-08-04 18:05:30,2025-08-04 19:22:06,76,Cycling,14.5,788.0,181,140,46,31,7,10,6,false
2025-08-04 00:24:00,2025-08-04 23:33:02,UTC+02:00,2025-08-04 17:11:07,2025-08-04 17:43:44,32,Cycling,5.6,135.0,163,110,30,12,4,0,0,false
2025-08-04 00:24:00,2025-08-04 23:33:02,UTC+02:00,2025-08-04 09:02:17,2025-08-04 09:17:43,15,Cycling,4.4,52.0,142,108,44,0,0,0,0,false
2025-08-01 23:16:00,2025-08-02 23:35:55,UTC+02:00,2025-08-02 14:40:26,2025-08-02 15:05:46,25,Hiking,4.4,51.0,124,104,9,0,0,0,0,false
2025-08-01 23:16:00,2025-08-02 23:35:55,UTC+02:00,2025-08-02 11:49:30,2025-08-02 13:40:59,111,Hiking,10.4,531.0,161,113,30,16,4,0,0,false
2025-07-30 23:54:03,2025-08-01 00:09:06,UTC+02:00,2025-07-31 17:36:59,2025-07-31 18:04:39,27,Cycling,6.8,176.0,163,118,25,22,14,0,0,false
2025-07-30 23:54:03,2025-08-01 00:09:06,UTC+02:00,2025-07-31 09:17:21,2025-07-31 09:34:24,17,Cycling,4.8,74.0,145,112,61,3,0,0,0,false
2025-07-29 23:27:53,2025-07-30 23:54:03,UTC+02:00,2025-07-30 17:39:31,2025-07-30 17:56:37,17,Cycling,5.8,118.0,156,122,38,30,9,0,0,false
2025-07-29 23:27:53,2025-07-30 23:54:03,UTC+02:00,2025-07-30 09:05:11,2025-07-30 09:18:27,13,Cycling,5.6,90.0,165,124,38,16,17,3,0,false
2025-07-29 00:09:27,2025-07-29 23:27:53,UTC+02:00,2025-07-29 17:35:03,2025-07-29 18:02:56,27,Cycling,5.5,120.0,162,100,26,9,6,0,0,false
2025-07-29 00:09:27,2025-07-29 23:27:53,UTC+02:00,2025-07-29 08:49:11,2025-07-29 09:03:42,14,Cycling,1.5,20.0,122,94,5,0,0,0,0,false
2025-07-15 01:01:50,2025-07-16 00:01:48,UTC+02:00,2025-07-15 18:10:23,2025-07-15 21:13:08,182,Cycling,14.3,1150.0,172,123,48,17,7,1,0,false
2025-07-15 01:01:50,2025-07-16 00:01:48,UTC+02:00,2025-07-15 14:23:56,2025-07-15 15:07:57,44,Walking,4.6,88.0,148,105,7,1,0,0,0,false
2025-07-05 22:36:50,2025-07-06 23:21:44,UTC+02:00,2025-07-06 18:21:08,2025-07-06 19:06:52,45,Running,11.9,498.0,171,143,27,46,27,0,0,false
2025-07-04 23:49:02,2025-07-05 22:36:50,UTC+02:00,2025-07-05 20:12:00,2025-07-05 20:50:41,38,Running,13.4,491.0,183,149,13,24,38,12,9,false
2025-07-03 23:49:19,2025-07-04 23:49:02,UTC+02:00,2025-07-04 12:01:01,2025-07-04 12:41:46,40,Running,12.8,498.0,174,148,11,39,33,16,0,false
2025-07-02 23:46:35,2025-07-03 23:49:19,UTC+02:00,2025-07-03 17:21:09,2025-07-03 17:39:23,18,Cycling,5.2,100.0,154,118,57,13,2,0,0,false
2025-07-02 23:46:35,2025-07-03 23:49:19,UTC+02:00,2025-07-03 12:30:57,2025-07-03 13:27:25,56,Cycling,8.5,302.0,176,118,28,12,10,1,0,false
2025-07-02 23:46:35,2025-07-03 23:49:19,UTC+02:00,2025-07-03 09:03:22,2025-07-03 09:16:56,13,Cycling,4.9,71.0,153,116,35,19,2,0,0,false
2025-07-02 00:04:21,2025-07-02 23:46:35,UTC+02:00,2025-07-02 17:46:47,2025-07-02 18:09:42,22,Cycling,6.3,149.0,166,123,39,19,11,1,0,false
2025-07-02 00:04:21,2025-07-02 23:46:35,UTC+02:00,2025-07-02 09:14:53,2025-07-02 09:29:08,14,Cycling,4.5,56.0,142,108,46,3,0,0,0,false
2025-07-01 00:12:45,2025-07-02 00:04:21,UTC+02:00,2025-07-01 17:41:49,2025-07-01 17:58:43,16,Cycling,4.6,53.0,162,100,14,5,6,0,0,false
2025-07-01 00:12:45,2025-07-02 00:04:21,UTC+02:00,2025-07-01 09:07:07,2025-07-01 09:22:20,15,Cycling,4.2,36.0,137,99,22,0,0,0,0,false
2025-06-30 00:28:27,2025-07-01 00:12:45,UTC+02:00,2025-06-30 19:10:34,2025-06-30 19:27:36,17,Cycling,4.2,35.0,141,103,15,0,0,0,0,false
2025-06-30 00:28:27,2025-07-01 00:12:45,UTC+02:00,2025-06-30 09:13:12,2025-06-30 09:26:25,13,Cycling,4.7,64.0,149,114,41,14,0,0,0,false
2025-06-26 00:48:28,2025-06-26 23:44:17,UTC+02:00,2025-06-26 16:53:29,2025-06-26 17:08:53,15,Cycling,5.2,97.0,161,124,73,10,3,0,0,false
2025-06-26 00:48:28,2025-06-26 23:44:17,UTC+02:00,2025-06-26 08:55:22,2025-06-26 09:11:12,15,Cycling,4.4,49.0,150,107,36,4,0,0,0,false
2025-06-25 00:25:52,2025-06-26 00:48:28,UTC+02:00,2025-06-25 18:37:24,2025-06-25 18:54:44,17,Cycling,5.2,97.0,156,120,62,8,3,0,0,false
2025-06-25 00:25:52,2025-06-26 00:48:28,UTC+02:00,2025-06-25 09:23:12,2025-06-25 09:37:48,14,Cycling,4.9,67.0,164,115,30,9,9,0,0,false
2025-06-23 23:37:52,2025-06-25 00:25:52,UTC+02:00,2025-06-24 18:25:04,2025-06-24 20:22:12,117,Cycling,16.3,1198.0,174,141,33,22,28,13,0,false
2025-06-23 23:37:52,2025-06-25 00:25:52,UTC+02:00,2025-06-24 09:08:21,2025-06-24 09:23:43,15,Cycling,4.1,26.0,121,98,4,0,0,0,0,false
2025-06-23 00:25:37,2025-06-23 23:37:52,UTC+02:00,2025-06-23 10:23:19,2025-06-23 10:56:41,33,Cycling,4.7,93.0,150,104,27,3,0,0,0,false
2025-06-18 23:51:29,2025-06-19 22:50:42,UTC+02:00,2025-06-19 14:48:14,2025-06-19 16:04:17,76,Cycling,14.1,784.0,173,141,37,19,34,8,0,false
2025-06-18 23:51:29,2025-06-19 22:50:42,UTC+02:00,2025-06-19 12:51:10,2025-06-19 14:07:53,76,Activity,6.6,264.0,130,112,43,0,0,0,0,false
2025-06-18 23:51:29,2025-06-19 22:50:42,UTC+02:00,2025-06-19 11:02:55,2025-06-19 11:37:51,34,Cycling,11.0,382.0,175,143,19,38,31,9,0,false
2025-06-17 23:06:44,2025-06-18 23:51:29,UTC+02:00,2025-06-18 17:42:34,2025-06-18 18:16:22,33,Functional Fitness,8.0,157.0,149,117,60,4,0,0,0,false
2025-06-17 23:06:44,2025-06-18 23:51:29,UTC+02:00,2025-06-18 15:15:36,2025-06-18 17:20:32,124,Activity,4.4,185.0,122,98,1,0,0,0,0,false
2025-06-16 23:03:24,2025-06-17 23:06:44,UTC+02:00,2025-06-17 18:16:30,2025-06-17 20:25:13,128,Cycling,16.8,1307.0,180,140,23,30,24,12,1,false
2025-06-16 23:03:24,2025-06-17 23:06:44,UTC+02:00,2025-06-17 13:42:04,2025-06-17 14:05:26,23,Walking,4.4,47.0,122,106,4,0,0,0,0,false
2025-06-16 23:03:24,2025-06-17 23:06:44,UTC+02:00,2025-06-17 09:27:00,2025-06-17 09:56:06,29,Walking,4.0,44.0,127,98,4,0,0,0,0,false
2025-06-15 23:24:30,2025-06-16 23:03:24,UTC+02:00,2025-06-16 19:07:43,2025-06-16 19:38:18,30,Walking,5.5,134.0,149,117,53,6,0,0,0,false
2025-06-15 23:24:30,2025-06-16 23:03:24,UTC+02:00,2025-06-16 18:39:35,2025-06-16 18:55:07,15,Cycling,5.2,94.0,151,123,57,21,0,0,0,false
2025-06-15 23:24:30,2025-06-16 23:03:24,UTC+02:00,2025-06-16 16:07:52,2025-06-16 16:21:46,13,Walking,4.3,34.0,130,107,16,0,0,0,0,false
2025-06-15 23:24:30,2025-06-16 23:03:24,UTC+02:00,2025-06-16 14:49:29,2025-06-16 15:03:17,13,Walking,4.1,22.0,121,105,3,0,0,0,0,false
2025-06-15 23:24:30,2025-06-16 23:03:24,UTC+02:00,2025-06-16 09:05:45,2025-06-16 09:20:09,14,Cycling,4.4,49.0,144,107,46,0,0,0,0,false
2025-06-14 23:40:27,2025-06-15 23:24:30,UTC+02:00,2025-06-15 20:00:00,2025-06-15 23:07:00,187,Watching Sports,4.3,275.0,140,82,2,0,0,0,0,false
2025-06-14 23:40:27,2025-06-15 23:24:30,UTC+02:00,2025-06-15 18:30:00,2025-06-15 20:00:00,90,Cooking,0.1,124.0,111,84,0,0,0,0,0,false
2025-06-14 23:40:27,2025-06-15 23:24:30,UTC+02:00,2025-06-15 15:30:00,2025-06-15 17:09:00,99,Cleaning,4.2,142.0,117,94,0,0,0,0,0,false
2025-06-14 23:40:27,2025-06-15 23:24:30,UTC+02:00,2025-06-15 12:02:00,2025-06-15 12:18:00,16,Rowing,8.6,188.0,170,146,8,19,37,27,0,false
2025-06-14 23:40:27,2025-06-15 23:24:30,UTC+02:00,2025-06-15 10:46:11,2025-06-15 11:54:12,68,Activity,4.9,133.0,128,104,11,0,0,0,0,false
2025-06-14 00:35:35,2025-06-14 23:40:27,UTC+02:00,2025-06-14 17:29:00,2025-06-14 17:41:00,12,Rowing,7.9,146.0,174,148,9,20,21,41,1,false
2025-06-14 00:35:35,2025-06-14 23:40:27,UTC+02:00,2025-06-14 15:24:37,2025-06-14 16:08:54,44,Activity,5.6,163.0,140,113,47,0,0,0,0,false
2025-06-12 22:12:33,2025-06-14 00:35:35,UTC+02:00,2025-06-13 18:04:10,2025-06-13 18:21:08,16,Cycling,5.7,95.0,173,118,22,8,15,5,0,false
2025-06-12 22:12:33,2025-06-14 00:35:35,UTC+02:00,2025-06-13 09:01:26,2025-06-13 09:16:56,15,Cycling,4.7,65.0,153,115,57,3,0,0,0,false
2025-06-11 23:14:01,2025-06-12 22:12:33,UTC+02:00,2025-06-12 13:25:01,2025-06-12 15:40:09,135,Cycling,19.4,1658.0,186,149,21,29,13,14,20,false
2025-06-11 00:43:29,2025-06-11 23:14:01,UTC+02:00,2025-06-11 15:14:48,2025-06-11 17:04:49,110,Activity,5.1,200.0,130,102,9,0,0,0,0,false
2025-06-09 22:48:15,2025-06-11 00:43:29,UTC+02:00,2025-06-10 17:41:44,2025-06-10 18:02:13,20,Cycling,6.3,129.0,174,121,44,8,8,8,0,false
2025-06-09 22:48:15,2025-06-11 00:43:29,UTC+02:00,2025-06-10 09:20:15,2025-06-10 09:34:49,14,Cycling,4.7,63.0,145,108,37,11,0,0,0,false
2025-06-04 00:06:13,2025-06-04 23:50:31,UTC+03:00,2025-06-04 18:29:24,2025-06-04 19:39:53,70,Activity,5.3,157.0,139,107,19,0,0,0,0,false
2025-06-02 00:52:49,2025-06-03 00:45:41,UTC+03:00,2025-06-02 18:05:30,2025-06-02 19:47:44,102,Activity,5.6,216.0,129,105,19,0,0,0,0,false
2025-06-01 01:33:17,2025-06-02 00:52:49,UTC+03:00,2025-06-01 16:59:09,2025-06-01 18:24:22,85,Activity,4.2,126.0,127,100,2,0,0,0,0,false
2025-05-30 23:56:57,2025-06-01 01:33:17,UTC+03:00,2025-05-31 17:58:45,2025-05-31 18:31:46,33,Running,8.2,267.0,160,130,42,30,16,0,0,false
2025-05-29 22:12:35,2025-05-30 23:56:57,UTC+03:00,2025-05-30 19:00:00,2025-05-30 19:20:00,20,Running,5.9,141.0,148,125,56,27,0,0,0,false
2025-05-26 23:27:08,2025-05-28 00:09:10,UTC+02:00,2025-05-27 18:17:35,2025-05-27 18:32:48,15,Cycling,7.0,142.0,170,135,13,20,36,10,0,false
2025-05-26 23:27:08,2025-05-28 00:09:10,UTC+02:00,2025-05-27 09:04:09,2025-05-27 09:19:52,15,Cycling,4.3,41.0,139,105,31,0,0,0,0,false
2025-05-25 23:10:37,2025-05-26 23:27:08,UTC+02:00,2025-05-26 19:44:22,2025-05-26 20:15:29,31,Cycling,13.6,439.0,188,156,10,6,27,35,21,false
2025-05-24 23:09:08,2025-05-25 23:10:37,UTC+02:00,2025-05-25 14:55:22,2025-05-25 15:59:25,64,Cycling,15.5,787.0,186,148,14,30,34,10,11,false
2025-05-24 23:09:08,2025-05-25 23:10:37,UTC+02:00,2025-05-25 11:46:19,2025-05-25 12:00:26,14,Activity,4.4,47.0,127,111,51,0,0,0,0,false
2025-05-24 23:09:08,2025-05-25 23:10:37,UTC+02:00,2025-05-25 09:02:09,2025-05-25 11:25:34,143,Activity,4.5,219.0,125,96,2,0,0,0,0,false
2025-05-23 23:17:51,2025-05-24 23:09:08,UTC+02:00,2025-05-24 14:29:50,2025-05-24 15:35:34,65,Activity,6.0,199.0,144,109,35,0,0,0,0,false
2025-05-23 23:17:51,2025-05-24 23:09:08,UTC+02:00,2025-05-24 09:28:18,2025-05-24 11:58:50,150,Activity,5.2,252.0,127,100,4,0,0,0,0,false
2025-05-22 23:17:36,2025-05-23 23:17:51,UTC+02:00,2025-05-23 16:52:00,2025-05-23 17:15:00,23,Cycling,4.0,38.0,124,92,6,0,0,0,0,false
2025-05-16 23:26:12,2025-05-17 22:15:31,UTC+02:00,2025-05-17 08:44:19,2025-05-17 12:22:47,218,Activity,4.9,342.0,139,94,2,0,0,0,0,false
2025-05-14 22:16:56,2025-05-15 23:31:54,UTC+02:00,2025-05-15 10:42:50,2025-05-15 13:22:46,159,Activity,4.8,255.0,134,94,3,0,0,0,0,false
2025-05-03 22:10:44,2025-05-04 23:37:32,UTC+08:00,2025-05-04 16:58:01,2025-05-04 17:58:05,60,Activity,5.0,135.0,159,104,27,0,0,0,0,false
2025-04-28 22:51:32,2025-04-29 23:38:53,UTC+02:00,2025-04-29 08:40:57,2025-04-29 08:57:01,16,Cycling,4.5,53.0,140,109,51,0,0,0,0,false
2025-04-27 23:12:57,2025-04-28 22:51:32,UTC+02:00,2025-04-28 18:13:07,2025-04-28 19:32:16,79,Cycling,13.6,734.0,170,135,34,31,19,7,0,false
2025-04-27 23:12:57,2025-04-28 22:51:32,UTC+02:00,2025-04-28 17:37:21,2025-04-28 17:52:51,15,Cycling,4.3,40.0,136,104,40,0,0,0,0,false
2025-04-27 23:12:57,2025-04-28 22:51:32,UTC+02:00,2025-04-28 09:12:33,2025-04-28 09:27:51,15,Cycling,5.1,83.0,160,119,55,14,3,0,0,false
2025-04-27 01:08:06,2025-04-27 23:12:57,UTC+02:00,2025-04-27 10:28:59,2025-04-27 12:11:43,102,Activity,4.7,177.0,135,97,8,0,0,0,0,false
2025-04-24 23:35:54,2025-04-26 04:46:32,UTC+02:00,2025-04-25 13:26:36,2025-04-25 13:57:34,30,Activity,4.9,88.0,134,108,41,0,0,0,0,false
2025-04-24 23:35:54,2025-04-26 04:46:32,UTC+02:00,2025-04-25 09:45:36,2025-04-25 11:54:40,129,Activity,4.4,196.0,129,90,3,0,0,0,0,false
2025-04-24 00:25:51,2025-04-24 23:35:54,UTC+02:00,2025-04-24 14:34:44,2025-04-24 17:38:18,183,Activity,6.6,384.0,147,103,21,0,0,0,0,false
2025-04-21 23:23:57,2025-04-23 01:56:05,UTC+02:00,2025-04-22 20:19:25,2025-04-22 20:35:43,16,Cycling,5.3,100.0,155,123,67,14,5,0,0,false
2025-04-21 23:23:57,2025-04-23 01:56:05,UTC+02:00,2025-04-22 08:56:14,2025-04-22 09:10:37,14,Cycling,4.8,67.0,152,116,61,7,1,0,0,false
2025-04-21 02:04:45,2025-04-21 23:23:57,UTC+02:00,2025-04-21 15:01:15,2025-04-21 17:41:49,160,Activity,4.3,236.0,137,92,3,0,0,0,0,false
2025-04-20 04:00:37,2025-04-21 02:04:45,UTC+02:00,2025-04-20 10:40:21,2025-04-20 12:25:28,105,Activity,4.6,174.0,131,96,8,0,0,0,0,false
2025-04-17 01:30:02,2025-04-18 05:19:33,UTC+02:00,2025-04-17 17:15:18,2025-04-17 17:35:20,20,Cycling,4.3,45.0,141,105,37,0,0,0,0,false
2025-04-06 00:14:48,2025-04-06 22:38:57,UTC-04:00,2025-04-06 18:00:00,2025-04-06 18:42:42,42,Activity,5.1,120.0,147,109,40,0,0,0,0,false
2025-04-03 01:42:50,2025-04-03 23:15:59,UTC+02:00,2025-04-03 09:16:36,2025-04-03 09:31:24,14,Cycling,4.8,73.0,143,119,68,3,0,0,0,false
2025-04-01 23:23:59,2025-04-03 01:42:50,UTC+02:00,2025-04-02 18:05:07,2025-04-02 18:20:59,15,Cycling,6.6,147.0,160,136,22,50,21,0,0,false
2025-04-01 23:23:59,2025-04-03 01:42:50,UTC+02:00,2025-04-02 09:20:02,2025-04-02 09:34:50,14,Cycling,5.1,83.0,157,121,65,14,2,0,0,false
2025-03-31 23:16:21,2025-04-01 23:23:59,UTC+02:00,2025-04-01 17:37:08,2025-04-01 18:15:07,37,Cycling,11.8,434.0,171,145,17,30,39,14,0,false
2025-03-31 23:16:21,2025-04-01 23:23:59,UTC+02:00,2025-04-01 14:24:09,2025-04-01 14:34:40,10,Cycling,4.6,54.0,145,119,76,5,0,0,0,false
2025-03-31 23:16:21,2025-04-01 23:23:59,UTC+02:00,2025-04-01 07:51:20,2025-04-01 08:27:31,36,Cycling,9.2,301.0,166,132,24,27,30,1,0,false
2025-03-31 01:31:46,2025-03-31 23:16:21,UTC+02:00,2025-03-31 18:08:55,2025-03-31 18:26:46,17,Cycling,5.9,126.0,155,126,47,24,12,0,0,false
2025-03-31 01:31:46,2025-03-31 23:16:21,UTC+02:00,2025-03-31 09:14:45,2025-03-31 09:29:06,14,Cycling,5.4,90.0,158,123,39,25,9,0,0,false
2025-03-30 02:01:45,2025-03-31 01:31:46,UTC+02:00,2025-03-30 10:42:02,2025-03-30 12:20:56,98,Activity,4.3,149.0,141,97,3,0,0,0,0,false
2025-03-27 22:32:53,2025-03-28 23:26:35,UTC+01:00,2025-03-28 17:57:41,2025-03-28 18:12:59,15,Cycling,5.3,98.0,154,124,71,15,3,0,0,false
2025-03-27 22:32:53,2025-03-28 23:26:35,UTC+01:00,2025-03-28 09:06:21,2025-03-28 09:20:53,14,Cycling,5.5,88.0,162,121,32,15,12,3,0,false
2025-03-27 01:21:08,2025-03-27 22:32:53,UTC+01:00,2025-03-27 14:22:11,2025-03-27 16:19:47,117,Activity,6.7,307.0,149,107,30,0,0,0,0,false
2025-03-25 22:46:44,2025-03-27 01:21:08,UTC+01:00,2025-03-26 17:28:01,2025-03-26 17:44:37,16,Cycling,6.3,130.0,162,129,36,21,26,0,0,false
2025-03-25 22:46:44,2025-03-27 01:21:08,UTC+01:00,2025-03-26 08:58:42,2025-03-26 09:12:52,14,Cycling,5.6,95.0,165,125,41,23,10,4,0,false
2025-03-24 23:20:03,2025-03-25 22:46:44,UTC+01:00,2025-03-25 17:47:48,2025-03-25 18:09:01,21,Cycling,7.0,172.0,166,131,37,28,18,3,0,false
2025-03-24 23:20:03,2025-03-25 22:46:44,UTC+01:00,2025-03-25 08:36:19,2025-03-25 08:51:48,15,Cycling,6.3,131.0,159,133,35,31,23,0,0,false
2025-03-23 23:49:11,2025-03-24 23:20:03,UTC+01:00,2025-03-24 18:52:23,2025-03-24 19:24:04,31,Activity,4.2,55.0,129,100,7,0,0,0,0,false
2025-03-22 23:12:54,2025-03-23 23:49:11,UTC+01:00,2025-03-23 15:54:29,2025-03-23 16:49:54,55,Cycling,11.3,512.0,171,136,49,38,9,2,0,false
2025-03-22 23:12:54,2025-03-23 23:49:11,UTC+01:00,2025-03-23 13:49:52,2025-03-23 14:29:48,39,Activity,5.2,115.0,145,109,35,0,0,0,0,false
2025-03-22 23:12:54,2025-03-23 23:49:11,UTC+01:00,2025-03-23 11:08:35,2025-03-23 12:57:26,108,Activity,6.6,293.0,143,107,32,0,0,0,0,false
2025-03-15 00:16:10,2025-03-16 01:42:14,UTC+01:00,2025-03-15 15:43:36,2025-03-15 16:00:55,17,Activity,4.5,56.0,139,109,42,0,0,0,0,false
2025-03-15 00:16:10,2025-03-16 01:42:14,UTC+01:00,2025-03-15 13:39:04,2025-03-15 14:51:50,72,Activity,6.4,243.0,149,110,40,3,0,0,0,false
2025-03-15 00:16:10,2025-03-16 01:42:14,UTC+01:00,2025-03-15 11:21:43,2025-03-15 12:26:27,64,Activity,4.8,128.0,144,100,16,0,0,0,0,false
2025-03-15 00:16:10,2025-03-16 01:42:14,UTC+01:00,2025-03-15 08:29:16,2025-03-15 10:09:13,99,Activity,2.7,140.0,121,91,0,0,0,0,0,false
2025-03-14 00:58:25,2025-03-15 00:16:10,UTC+01:00,2025-03-14 14:56:31,2025-03-14 15:57:25,60,Activity,4.5,104.0,129,100,13,0,0,0,0,false
2025-03-13 00:27:16,2025-03-14 00:58:25,UTC+01:00,2025-03-13 17:52:47,2025-03-13 20:15:14,142,Activity,4.1,202.0,133,91,1,0,0,0,0,false
2025-03-08 23:34:06,2025-03-09 23:21:56,UTC+01:00,2025-03-09 16:15:15,2025-03-09 17:15:35,60,Cycling,13.7,658.0,176,143,22,28,37,10,2,false
2025-03-08 23:34:06,2025-03-09 23:21:56,UTC+01:00,2025-03-09 07:58:55,2025-03-09 12:12:29,253,Activity,7.9,548.0,153,104,29,0,0,0,0,false
2025-03-08 03:12:55,2025-03-08 23:34:06,UTC+01:00,2025-03-08 16:19:50,2025-03-08 17:12:15,52,Cycling,13.5,583.0,181,143,21,36,21,14,6,false
2025-03-06 00:51:20,2025-03-07 00:01:07,UTC+01:00,2025-03-06 17:56:34,2025-03-06 20:02:34,126,Activity,4.1,179.0,123,92,1,0,0,0,0,false
2025-03-02 01:12:52,2025-03-02 21:54:54,UTC+01:00,2025-03-02 11:23:29,2025-03-02 12:24:35,61,Cycling,14.2,694.0,178,144,18,28,35,16,0,false
2025-02-27 23:24:16,2025-02-28 21:41:11,UTC+01:00,2025-02-28 17:56:48,2025-02-28 18:42:39,45,Cycling,11.6,470.0,171,139,29,43,20,8,0,false
2025-02-19 23:58:57,2025-02-20 23:20:33,UTC+03:00,2025-02-20 08:59:43,2025-02-20 10:14:09,74,Activity,3.9,107.0,133,86,1,0,0,0,0,false
2025-02-18 23:12:43,2025-02-19 23:58:57,UTC+03:00,2025-02-19 09:00:07,2025-02-19 11:59:31,179,Activity,4.2,258.0,124,88,1,0,0,0,0,false
2025-02-17 23:47:47,2025-02-18 23:12:43,UTC+03:00,2025-02-18 09:00:19,2025-02-18 11:29:12,148,Activity,2.3,208.0,117,85,0,0,0,0,0,false
2025-02-13 22:11:14,2025-02-14 22:23:06,UTC-06:00,2025-02-14 14:00:01,2025-02-14 15:10:04,70,Activity,4.3,112.0,128,95,7,0,0,0,0,false
2025-02-13 22:11:14,2025-02-14 22:23:06,UTC-06:00,2025-02-14 09:01:04,2025-02-14 12:10:16,189,Activity,4.1,269.0,140,90,1,0,0,0,0,false
2025-02-12 22:02:21,2025-02-13 22:11:14,UTC-06:00,2025-02-13 14:40:48,2025-02-13 15:45:34,64,Activity,3.4,91.0,125,94,1,0,0,0,0,false
2025-02-10 02:50:00,2025-02-11 00:23:02,UTC+01:00,2025-02-10 14:40:47,2025-02-10 15:04:34,23,Activity,4.4,48.0,131,104,9,0,0,0,0,false
2025-02-10 02:50:00,2025-02-11 00:23:02,UTC+01:00,2025-02-10 11:39:06,2025-02-10 12:39:23,60,Activity,4.3,99.0,126,96,3,0,0,0,0,false
2025-02-09 00:03:27,2025-02-10 02:50:00,UTC+01:00,2025-02-09 18:16:37,2025-02-09 18:44:22,27,Functional Fitness,6.2,174.0,158,124,75,10,2,0,0,false
2025-02-09 00:03:27,2025-02-10 02:50:00,UTC+01:00,2025-02-09 16:46:04,2025-02-09 17:58:29,72,Activity,4.9,139.0,143,102,9,0,0,0,0,false
2025-02-06 21:33:03,2025-02-07 23:12:09,UTC+01:00,2025-02-07 16:57:05,2025-02-07 17:52:35,55,Activity,4.9,118.0,137,104,15,0,0,0,0,false
2025-02-06 21:33:03,2025-02-07 23:12:09,UTC+01:00,2025-02-07 13:30:00,2025-02-07 15:30:00,120,High Stress Work,0.1,168.0,108,84,0,0,0,0,0,false
2025-02-06 21:33:03,2025-02-07 23:12:09,UTC+01:00,2025-02-07 11:58:27,2025-02-07 12:29:36,31,Activity,4.6,75.0,138,107,16,0,0,0,0,false
2025-02-05 01:10:21,2025-02-06 00:09:38,UTC+01:00,2025-02-05 19:39:17,2025-02-05 20:24:33,45,Cycling,9.5,379.0,168,133,48,33,12,0,0,false
2025-02-02 23:16:20,2025-02-04 01:21:21,UTC+01:00,2025-02-03 18:56:13,2025-02-03 19:37:02,40,Cycling,10.0,365.0,174,135,51,23,16,4,0,false
2025-02-02 00:22:42,2025-02-02 23:16:20,UTC+01:00,2025-02-02 14:23:15,2025-02-02 15:03:06,39,Functional Fitness,10.1,208.0,152,120,62,15,0,0,0,false
2025-02-02 00:22:42,2025-02-02 23:16:20,UTC+01:00,2025-02-02 13:01:13,2025-02-02 14:11:42,70,Activity,5.0,144.0,149,102,16,0,0,0,0,false
2025-02-02 00:22:42,2025-02-02 23:16:20,UTC+01:00,2025-02-02 11:37:38,2025-02-02 12:10:00,32,Activity,4.1,50.0,131,100,3,0,0,0,0,false
2025-02-02 00:22:42,2025-02-02 23:16:20,UTC+01:00,2025-02-02 09:03:45,2025-02-02 09:35:44,31,Cycling,8.2,231.0,174,129,58,10,5,7,2,false
2025-02-01 01:17:02,2025-02-02 00:22:42,UTC+01:00,2025-02-01 16:47:48,2025-02-01 17:20:38,32,Functional Fitness,7.5,78.0,147,105,19,2,0,0,0,false
2025-02-01 01:17:02,2025-02-02 00:22:42,UTC+01:00,2025-02-01 14:18:07,2025-02-01 16:14:18,116,Activity,4.8,205.0,158,96,7,0,0,0,0,false
2025-01-30 23:11:31,2025-02-01 01:17:02,UTC+01:00,2025-01-31 18:25:49,2025-01-31 18:56:00,30,Cycling,9.7,297.0,176,139,35,30,14,12,2,false
2025-01-29 00:36:44,2025-01-29 23:19:28,UTC+01:00,2025-01-29 18:46:55,2025-01-29 19:31:19,44,Cycling,14.0,576.0,174,152,9,21,33,36,0,false
2025-01-25 23:26:52,2025-01-26 23:25:52,UTC+01:00,2025-01-26 16:41:52,2025-01-26 17:01:28,19,Functional Fitness,4.4,49.0,134,110,9,0,0,0,0,false
2025-01-25 23:26:52,2025-01-26 23:25:52,UTC+01:00,2025-01-26 14:22:08,2025-01-26 16:31:16,129,Activity,3.0,183.0,138,93,0,0,0,0,0,false
2025-01-24 23:33:44,2025-01-25 23:26:52,UTC+01:00,2025-01-25 16:37:59,2025-01-25 16:59:03,21,Functional Fitness,6.0,151.0,154,131,50,28,3,0,0,false
2025-01-24 23:33:44,2025-01-25 23:26:52,UTC+01:00,2025-01-25 16:15:14,2025-01-25 16:32:43,17,Running,6.6,149.0,158,135,15,42,23,0,0,false
2025-01-24 23:33:44,2025-01-25 23:26:52,UTC+01:00,2025-01-25 14:24:57,2025-01-25 15:31:49,66,Activity,4.7,135.0,147,103,3,0,0,0,0,false
2025-01-24 23:33:44,2025-01-25 23:26:52,UTC+01:00,2025-01-25 09:40:41,2025-01-25 10:58:10,77,Activity,1.6,109.0,123,97,0,0,0,0,0,false
2025-01-23 23:12:55,2025-01-24 23:33:44,UTC+01:00,2025-01-24 18:33:25,2025-01-24 18:48:26,15,Running,7.9,173.0,168,147,13,22,41,18,0,false
2025-01-23 23:12:55,2025-01-24 23:33:44,UTC+01:00,2025-01-24 16:07:33,2025-01-24 18:16:36,129,Activity,4.8,217.0,134,101,0,0,0,0,0,false
2025-01-22 23:20:04,2025-01-23 23:12:55,UTC+01:00,2025-01-23 12:33:31,2025-01-23 13:18:37,45,Activity,0.0,63.0,103,81,0,0,0,0,0,false
2025-01-20 23:04:06,2025-01-21 23:09:55,UTC+01:00,2025-01-21 19:20:32,2025-01-21 20:22:46,62,Activity,3.9,90.0,125,97,0,0,0,0,0,false
2025-01-05 00:54:32,2025-01-06 01:37:50,UTC-06:00,2025-01-05 10:08:38,2025-01-05 11:47:50,99,Activity,5.0,178.0,130,101,0,0,0,0,0,false
2025-01-03 00:44:55,2025-01-04 01:56:54,UTC-06:00,2025-01-03 09:39:55,2025-01-03 10:57:08,77,Activity,4.1,112.0,136,92,0,0,0,0,0,false
