date,id,idTraining,title,arrows
2026-05-02,Mkse3miaNyr5cTzWT3De,ct2I9lQ7Z222Q1V3h43Q,,"10:0:0,10:0:0,10:0:0,10:0:0,10:0:0,10:0:0,10:0:0,10:0:0,9:0:0,9:0:0,9:0:0,9:0:0,9:0:0,9:0:0,9:0:0,8:0:0,8:0:0,8:0:0,10:0:0,10:0:0,10:0:0,10:0:0,10:0:0,10:0:0,10:0:0,10:0:0,9:0:0,9:0:0,9:0:0,9:0:0,9:0:0,9:0:0,9:0:0,8:0:0,8:0:0,7:0:0,10:0:0,10:0:0,10:0:0,10:0:0,10:0:0,10:0:0,10:0:0,10:0:0,10:0:0,10:0:0,9:0:0,9:0:0,9:0:0,9:0:0,9:0:0,9:0:0,9:0:0,8:0:0,10:0:0,10:0:0,10:0:0,10:0:0,10:0:0,10:0:0,10:0:0,9:0:0,9:0:0,9:0:0,9:0:0,9:0:0,9:0:0,9:0:0,9:0:0,8:0:0,8:0:0,7:0:0"
2026-04-29,Qn1pTCn2Mlek9IxgnB6u,qKWh2yTpADoqBJ7bO01Z,,"10:-10.088:-5.158,10:-11.064:-1.923,8:-20:22.009,7:24.68:30.123,7:-39.207:-14.864,7:-42.288:-5.209,10:-1.94:-3.12,10:-0.761:-12.244,9:-13.175:7.618,9:-17.458:-0.016,8:-28.63:-11.499,7:-33.506:22.78,10:9.581:-6.75,9:13.381:-3.463,9:21.393:0.748,9:-1.306:15.949,8:-26.882:0.029,8:-15.789:-23.492,9:-12.502:-8.085,9:-4.182:16.463,9:-1.717:-17.946,9:7.938:-18.562,8:-16.816:23.55,8:-28.217:11.43,10:-10.756:-7.366,10:-12.502:-1.204,10:3.008:-0.279,9:13.69:4.445,9:18.517:15.641,9:-19.281:11.019,10:-1.204:-0.896,9:-17.329:-3.566,9:11.738:-16.405,9:14.922:15.025,8:13.895:-26.163,8:-29.655:20.263,10:1.159:0.029,10:-7.058:-7.161,9:12.868:16.976,9:-12.707:12.457,8:-27.601:15.538,8:-16.919:-30.99,10:-1.923:-0.998,10:1.467:0.44,9:-0.587:17.695,8:23.242:16.36,8:-25.135:15.641,8:-28.217:-0.793,10:-0.382:1.57,9:-7.777:15.128,9:-22.054:-9.729,9:-13.837:18.003,7:-1.512:40.497,7:46.044:-12.81,10:3.316:-3.977,9:12.868:9.889,9:-17.638:4.24,9:20.263:-13.529,8:-25.238:-6.853,6:-51.43:-14.762,10:-8.393:3.521,10:9.889:-6.75,10:8.965:5.781,9:-10.14:14.306,9:-8.907:-22.979,8:-13.734:26.118,9:3.624:19.75,8:12.765:22.42,8:-12.707:22.112,8:-26.779:-8.393,8:12.046:-27.292,7:26.529:-30.887"
2026-04-28,qNrHOCjxljL1jEaoFPFm,8vpGraE8TdkUD0k8P5PB,Tri X10-380 Competition,"4:-10.499:76.806,7:-0.177:38.854,9:-13.94:5.37,9:-13.734:-3.874,10:-9.729:4.035,10:-2.642:-7.572,10:5.678:-9.729,10:4.445:-0.485,10:0.234:4.856,10:0.645:7.527,8:-24.981:-15.018,8:-18.151:23.139,9:-10.448:10.916,9:-10.448:15.436,10:-2.744:-8.393,10:4.754:0.234,10:5.575:6.397,10:1.57:8.143,9:11.224:13.279,9:18.003:15.744,5:15.795:70.335,8:-15.583:-22.979,10:6.397:-1.409,10:-0.587:2.905,10:-3.463:2.186,10:-2.847:3.316,10:3.11:1.57,10:-1.512:6.911,10:-2.436:10.711,10:5.883:7.013,9:-0.741:-22.927,9:1.364:-17.124,9:-12.502:-9.729,10:3.624:-1.409,10:-10.242:-2.231,10:3.008:7.527,9:-5.518:17.695,9:1.056:19.031,9:4.445:21.085,9:18.003:13.792,7:-9.061:40.857,8:4.651:27.453,9:-14.453:14.819,9:19.75:4.754,9:15.538:-5.518,9:-10.859:-11.886,10:0.748:-2.025,10:-8.907:5.883,10:0.234:4.754,10:-0.896:7.732"
2026-04-28,JyEhzBJ7ydgbcO3l0Kr4,8vpGraE8TdkUD0k8P5PB,,"10:0:0,10:0:0,10:0:0,9:0:0,9:0:0,9:0:0,9:0:0,8:0:0,8:0:0,10:0:0,10:0:0,10:0:0,10:0:0,10:0:0,9:0:0,9:0:0,8:0:0,8:0:0,10:0:0,10:0:0,10:0:0,10:0:0,10:0:0,9:0:0,9:0:0,9:0:0,9:0:0,10:0:0,10:0:0,10:0:0,9:0:0,9:0:0,9:0:0,9:0:0,8:0:0,8:0:0,10:0:0,10:0:0,10:0:0,10:0:0,10:0:0,9:0:0,9:0:0,8:0:0,7:0:0,10:0:0,10:0:0,10:0:0,10:0:0,10:0:0,9:0:0,9:0:0,9:0:0,9:0:0,10:0:0,10:0:0,9:0:0,9:0:0,9:0:0,9:0:0,9:0:0,9:0:0,8:0:0,10:0:0,10:0:0,9:0:0,9:0:0,9:0:0,9:0:0,9:0:0,8:0:0,7:0:0"
2026-04-24,DXE0FQbqcPaEQELq9Zy4,hZXFx8zYWtyIVSTk2560,,"10:0:0,10:0:0,9:0:0,9:0:0,9:0:0,9:0:0,9:0:0,9:0:0,9:0:0,9:0:0,8:0:0,8:0:0,10:0:0,10:0:0,10:0:0,10:0:0,9:0:0,9:0:0,9:0:0,9:0:0,8:0:0,8:0:0,8:0:0,7:0:0,10:0:0,10:0:0,10:0:0,10:0:0,10:0:0,9:0:0,9:0:0,9:0:0,9:0:0,8:0:0,7:0:0,7:0:0,10:0:0,10:0:0,10:0:0,10:0:0,10:0:0,9:0:0,9:0:0,9:0:0,9:0:0,9:0:0,9:0:0,7:0:0,10:0:0,10:0:0,10:0:0,10:0:0,9:0:0,9:0:0,9:0:0,9:0:0,9:0:0,9:0:0,9:0:0,8:0:0,10:0:0,10:0:0,10:0:0,10:0:0,10:0:0,9:0:0,9:0:0,9:0:0,9:0:0,8:0:0,8:0:0,7:0:0,10:0:0,10:0:0,10:0:0,10:0:0,10:0:0,10:0:0,9:0:0,9:0:0,9:0:0,9:0:0,8:0:0,8:0:0,10:0:0,10:0:0,10:0:0,9:0:0,9:0:0,9:0:0,9:0:0,9:0:0,9:0:0,8:0:0,8:0:0,8:0:0,10:0:0,10:0:0,10:0:0,9:0:0,9:0:0,9:0:0,9:0:0,9:0:0,9:0:0,9:0:0,9:0:0,8:0:0,10:0:0,10:0:0,10:0:0,9:0:0,9:0:0,9:0:0,9:0:0,9:0:0,9:0:0,9:0:0,9:0:0,7:0:0,10:0:0,10:0:0,10:0:0,10:0:0,10:0:0,10:0:0,10:0:0,10:0:0,9:0:0,9:0:0,9:0:0,9:0:0,10:0:0,10:0:0,10:0:0,10:0:0,10:0:0,10:0:0,10:0:0,9:0:0,9:0:0,9:0:0,8:0:0,8:0:0"
2026-04-22,JR8b1EVKa2qpXlQyj02m,z1W77XaBVyfp0RPzlHYb,,"10:0:0,10:0:0,10:0:0,9:0:0,9:0:0,9:0:0,9:0:0,9:0:0,9:0:0,9:0:0,9:0:0,9:0:0,9:0:0,9:0:0,8:0:0,8:0:0,7:0:0,6:0:0,10:0:0,10:0:0,10:0:0,10:0:0,10:0:0,10:0:0,10:0:0,9:0:0,9:0:0,9:0:0,9:0:0,9:0:0,9:0:0,9:0:0,8:0:0,8:0:0,8:0:0,8:0:0,10:0:0,10:0:0,10:0:0,10:0:0,10:0:0,10:0:0,10:0:0,10:0:0,9:0:0,9:0:0,9:0:0,9:0:0,9:0:0,9:0:0,9:0:0,8:0:0,8:0:0,7:0:0,10:0:0,10:0:0,10:0:0,10:0:0,10:0:0,10:0:0,10:0:0,9:0:0,9:0:0,9:0:0,9:0:0,9:0:0,9:0:0,8:0:0,8:0:0,8:0:0,7:0:0,7:0:0,10:0:0,10:0:0,10:0:0,10:0:0,10:0:0,9:0:0,9:0:0,9:0:0,9:0:0,9:0:0,9:0:0,9:0:0,9:0:0,9:0:0,8:0:0,8:0:0,8:0:0,8:0:0,10:0:0,10:0:0,9:0:0,9:0:0,9:0:0,9:0:0,9:0:0,9:0:0,9:0:0,9:0:0,9:0:0,9:0:0,9:0:0,9:0:0,8:0:0,8:0:0,8:0:0,8:0:0"
2026-04-18,UbWfz0qepRM89FDm0kHQ,BvJBk3p7xRb0QZvshjg1,,"10:2.839:5.942,9:17.301:-0.327,8:20.28:19.039,8:10.411:22.887,8:-0.389:28.163,8:-25.775:-14.913,10:-4.609:1.101,10:2.28:9.542,9:22.267:8.239,8:28.412:-1.568,8:13.701:30.025,8:-30.244:-12.368,10:-5.789:-9.078,9:10.473:14.818,9:6.687:23.136,9:2.094:23.508,8:14.26:21.274,7:-46.962:-12.451,10:-3.361:5.267,10:-4.799:-8.804,10:9.17:0.748,9:-15.994:-17.74,8:-22.568:-13.837,8:-20.924:-24.519,10:5.781:-5.826,10:10.3:-3.566,10:9.17:2.494,9:13.998:16.155,9:9.273:19.544,8:-9.934:34.54,10:-8.599:4.548,9:-10.961:9.787,9:-0.587:13.587,9:10.403:-14.556,8:12.971:-22.67,8:26.22:0.029,10:2.653:9.046,10:6.377:6.439,9:9.729:13.453,8:19.225:18.542,8:14.694:21.77,7:-26.023:27.791,10:10.101:5.694,9:-3.74:15.873,9:10.97:-19.568,9:24.129:-0.389,9:-23.727:-2.313,8:-26.272:-2.561,9:-16.403:-1.568,9:-8.085:17.363,9:-0.327:23.446,9:14.011:7.804,8:-34.431:-2.796,8:-19.589:-29.655,10:0.234:2.597,10:-8.599:-7.366,9:-13.324:-6.339,9:-17.946:3.11,9:13.792:-5.518,9:22.317:10.505,10:-0.587:-0.69,10:-6.956:4.856,10:1.98:6.911,10:-1.717:8.657,9:16.976:6.911,7:45.736:-7.88,10:-0.265:-7.465,10:5.198:-4.734,10:-6.906:-4.858,9:-0.451:18.17,8:7.68:26.674,8:1.039:-28.692"
2026-04-12,12PKkIh3k4dM1ffJcDjf,Hl5Kbk4jFFI4rr1N5t0e,,"10:-5.665:7.06,9:15.501:-6.285,9:18.915:0.853,8:2.156:-27.079,8:-7.52:-32.377,8:-25.033:11.635,10:2.494:-0.69,10:8.657:-0.279,9:-14.351:1.672,8:10.3:24.372,8:-15.172:-22.362,7:-0.896:-41.159,10:-4.671:-3.244,10:2.963:3.522,10:8.053:-3.989,9:-5.23:-17.582,8:-27.138:-12.553,7:-35.407:-21.849,10:7.593:-5.069,9:15.253:-6.782,9:15.377:9.977,9:-0.575:15.439,9:-22.113:2.715,8:-18.389:-19.506,10:1.846:-4.361,10:-2.499:3.149,9:-13.113:-6.72,7:-36.177:-27.344,6:-38.488:40.497,5:-43.544:-52.47,10:-0.041:4.552,9:12.211:-8.892,9:-12.554:-7.837,9:-17.768:-2.189,9:-16.837:7.742,8:-15.099:-23.541,10:10.101:-0.078,10:5.942:8.984,10:-7.403:10.225,9:-2.251:16.246,8:-27.885:3.087,8:-24.658:-22.61,10:9.542:-0.761,10:-2.437:-12.306,9:-10.816:7.929,9:-5.292:19.97,9:15.067:9.604,7:-5.672:-47.27,10:-1.512:7.63,10:9.889:-1.614,9:-5.107:12.868,9:-13.016:10.916,7:13.895:-37.564,7:-27.395:38.032,10:5.57:9.046,10:2.591:10.349,9:-4.734:12.956,9:12.956:20.032,9:-9.699:-20.499,6:-44.139:-41.461,10:-0.575:-0.699,10:1.908:-11.996,9:-13.175:4.577,8:-21.989:16.68,8:-1.196:29.901,7:-31.175:-22.299,10:-6.801:-6.801,9:-17.74:1.775,9:-13.94:10.095,8:-24.417:19.031,7:-22.054:30.637,7:-37.666:-23.184"
2026-04-12,KxsyKGo3nOFUXOnKv2uA,lrYfYV9Gf2w9HDjaUmVm,,"9:-0.575:12.956,9:0.294:19.225,9:5.446:15.749,9:-9.265:12.646,8:28.97:18.108,7:34.991:20.28,10:2.094:9.232,10:7.494:6.129,9:13.267:1.722,9:5.508:16.742,9:-2.251:-18.389,9:2.218:-18.079,10:-3.554:-1.444,10:5.694:-10.134,10:8.611:-6.782,9:16.432:0.729,8:-16.092:-20.81,8:30.336:17.053,10:3.149:-0.823,10:9.17:-3.678,9:11.777:-14.292,9:-2.127:-16.775,9:-14.727:-15.037,9:-12.741:14.136,10:-0.575:3.025,10:-6.223:9.729,9:4.887:-16.216,9:-3.492:-18.575,8:-29.003:1.349,8:21.025:26.053,10:2.342:-8.272,10:5.57:-6.782,10:6.998:8.798,9:3.46:-22.858,8:-31.237:-3.43,8:29.901:7.68,10:6.315:2.963,10:10.66:-1.382,9:11.156:9.294,9:0.294:18.108,9:-10.878:15.936,8:14.942:30.336,10:-0.637:2.218,10:8.922:0.108,10:-10.196:2.777,10:-0.202:12.336,9:-10.134:12.956,8:-5.354:31.329,10:-7.589:-6.782,10:-10.941:6.004,9:5.756:-12.927,9:-9.637:-19.382,8:15.749:25.929,8:8.487:-25.775,10:-2.313:-2.437,9:-11.437:-6.72,9:-14.603:4.949,9:-11.375:-21.803,9:8.487:-22.92,7:33.256:-26.83,10:0.234:-0.177,9:1.467:16.36,9:7.219:16.976,9:14.717:16.668,8:-16.919:23.858,8:26.323:-23.081,10:-5.004:-6.75,9:8.862:-10.961,9:12.868:-16.919,9:-19.178:3.316,9:-16.302:15.949,8:-17.432:-23.287"
2026-04-11,Zt7e87zgVI0VRGZmzz4b,EheT7Iqx35RuaPo1Ghlq,,"9:-6.099:15.005,10:-2.189:-5.23,10:-2.871:-9.637,10:-2.871:-10.816,10:0.046:-12.244,10:9.853:-6.596,10:0.356:-10.692,10:-4.734:-6.534,9:-17.768:-0.575,9:-1.568:15.625,8:-1.382:-28.444,8:-24.782:15.005,10:4.701:-11.065,10:-1.258:-10.196,9:-18.203:7.184,9:1.101:-15.41,8:-24.285:9.17,8:25.556:-22.672,10:-1.878:0.046,10:8.922:-0.202,9:4.763:15.749,9:-10.754:14.26,9:6.067:-18.575,8:-13.92:-29.561,10:11.156:-0.575,10:-7.216:-5.851,9:-13.175:7.867,9:-23.23:1.722,9:-24.161:1.535,7:-44.189:5.113,10:11.841:1.159,10:1.364:9.889,9:-6.956:11.841,9:-15.891:5.267,9:-16.405:-8.804,8:-18.665:25.912,10:-3.377:7.334,9:-7.179:11.069,9:-13.175:2.342,9:0.542:18.542,8:13.267:21.956,8:-17.582:19.66,10:-5.975:7.37,10:-7.154:7.494,10:-6.782:-5.416,10:3.522:-9.637,9:-10.32:-17.52,9:-17.396:7.06,10:6.873:-0.761,9:13.205:-1.258,9:-0.202:-22.423,9:-11.499:-16.092,9:-24.658:-2.685,9:-24.658:1.784,10:-0.327:-0.823,10:-7.216:-1.754,10:8.549:-0.885,10:11.156:-0.699,9:-15.161:9.853,7:-33.658:17.86,10:0.915:-10.32,9:-18.141:1.535,9:-1.754:15.687,8:19.474:18.915,8:-32.106:-5.603,7:-42.853:-0.228,10:1.467:2.083,10:-11.475:2.905,9:13.381:-9.01,9:11.224:8.246,9:-0.587:17.49,7:6.602:38.649"
2026-04-09,gpEynpNhbnWcDYLlll0B,B5D2c2CDxTAHVYUqh2QM,,"10:0:0,9:0:0,9:0:0,9:0:0,9:0:0,8:0:0,10:0:0,10:0:0,9:0:0,9:0:0,8:0:0,8:0:0,10:0:0,10:0:0,9:0:0,9:0:0,9:0:0,9:0:0,10:0:0,10:0:0,10:0:0,9:0:0,8:0:0,8:0:0,10:0:0,10:0:0,10:0:0,8:0:0,8:0:0,8:0:0,10:0:0,10:0:0,9:0:0,9:0:0,8:0:0,8:0:0,10:0:0,9:0:0,9:0:0,9:0:0,8:0:0,7:0:0,10:0:0,10:0:0,10:0:0,9:0:0,9:0:0,8:0:0,10:0:0,10:0:0,10:0:0,9:0:0,9:0:0,9:0:0,10:0:0,9:0:0,9:0:0,9:0:0,9:0:0,8:0:0,10:0:0,10:0:0,10:0:0,10:0:0,10:0:0,9:0:0,10:0:0,10:0:0,9:0:0,9:0:0,9:0:0,8:0:0,10:0:0,10:0:0,10:0:0,10:0:0,9:0:0,8:0:0,10:0:0,10:0:0,10:0:0,9:0:0,9:0:0,8:0:0,9:0:0,9:0:0,9:0:0,9:0:0,8:0:0,8:0:0,10:0:0,10:0:0,10:0:0,10:0:0,10:0:0,9:0:0,10:0:0,9:0:0,9:0:0,9:0:0,9:0:0,8:0:0,10:0:0,10:0:0,9:0:0,9:0:0,8:0:0,8:0:0"
2026-04-06,wkyI5SwqlXfYYaZk1xGf,SZolYoUCJin85FOXXesB,,"10:0:0,10:0:0,10:0:0,9:0:0,9:0:0,9:0:0,8:0:0,8:0:0,7:0:0,10:0:0,10:0:0,10:0:0,10:0:0,10:0:0,10:0:0,9:0:0,8:0:0,8:0:0,10:0:0,10:0:0,9:0:0,9:0:0,9:0:0,9:0:0,9:0:0,9:0:0,6:0:0,10:0:0,10:0:0,10:0:0,10:0:0,9:0:0,9:0:0,9:0:0,9:0:0,8:0:0,10:0:0,10:0:0,10:0:0,10:0:0,10:0:0,9:0:0,9:0:0,8:0:0,4:0:0,9:0:0,9:0:0,9:0:0,9:0:0,9:0:0,9:0:0,8:0:0,8:0:0,8:0:0,10:0:0,10:0:0,10:0:0,10:0:0,10:0:0,9:0:0,9:0:0,9:0:0,8:0:0,10:0:0,10:0:0,10:0:0,10:0:0,9:0:0,9:0:0,9:0:0,9:0:0,8:0:0"
2026-04-04,OXNwvHIrzQcbhzGDooPa,3hxxCIOYmD9bcM6WEPGU,,"10:0:0,10:0:0,10:0:0,9:0:0,9:0:0,9:0:0,9:0:0,9:0:0,8:0:0,10:0:0,10:0:0,10:0:0,9:0:0,9:0:0,9:0:0,9:0:0,9:0:0,7:0:0,10:0:0,10:0:0,9:0:0,9:0:0,9:0:0,9:0:0,9:0:0,9:0:0,8:0:0,10:0:0,10:0:0,9:0:0,9:0:0,9:0:0,9:0:0,9:0:0,8:0:0,7:0:0,10:0:0,10:0:0,9:0:0,9:0:0,9:0:0,9:0:0,9:0:0,8:0:0,8:0:0,10:0:0,10:0:0,9:0:0,9:0:0,9:0:0,8:0:0,8:0:0,8:0:0,8:0:0,10:0:0,10:0:0,9:0:0,9:0:0,9:0:0,9:0:0,8:0:0,8:0:0,7:0:0,10:0:0,10:0:0,10:0:0,9:0:0,9:0:0,9:0:0,9:0:0,7:0:0,6:0:0"
2026-03-19,DV0ue6a4tRCiTuh3zdMF,eQPJQCmoOCAksgpGXQbs,,"10:0:0,10:0:0,9:0:0,9:0:0,9:0:0,9:0:0,9:0:0,7:0:0,6:0:0,10:0:0,10:0:0,10:0:0,10:0:0,9:0:0,9:0:0,9:0:0,9:0:0,8:0:0,10:0:0,10:0:0,9:0:0,9:0:0,9:0:0,9:0:0,9:0:0,8:0:0,8:0:0,10:0:0,10:0:0,10:0:0,10:0:0,9:0:0,9:0:0,9:0:0,9:0:0,6:0:0,10:0:0,10:0:0,10:0:0,9:0:0,9:0:0,9:0:0,9:0:0,7:0:0,6:0:0,10:0:0,10:0:0,10:0:0,9:0:0,9:0:0,9:0:0,9:0:0,8:0:0,8:0:0,10:0:0,10:0:0,9:0:0,9:0:0,9:0:0,9:0:0,9:0:0,8:0:0,8:0:0,10:0:0,10:0:0,9:0:0,9:0:0,9:0:0,9:0:0,9:0:0,8:0:0,7:0:0"
2026-03-08,HvIK0yFQsrZ3mnuKJDRe,NsNoEQKJYd837HozbGjx,Qualifications,"9:0:0,10:0:0,10:0:0,10:0:0,9:0:0,10:0:0,10:0:0,9:0:0,10:0:0,9:0:0,10:0:0,10:0:0,10:0:0,10:0:0,10:0:0,10:0:0,10:0:0,9:0:0,10:0:0,9:0:0,9:0:0,10:0:0,10:0:0,9:0:0,9:0:0,10:0:0,9:0:0,10:0:0,10:0:0,10:0:0"
2026-03-01,AlUcEgthddra6L7fs4OH,VzSHHWsa3Y5msPrhJAqP,,"9:5.424:-1.405,9:-5.307:-2.039,9:-4.673:0.839,10:0.107:1.473,10:-2.331:2.888,10:-1.892:-1.697,9:-4.965:1.18,9:-3.6:2.839,9:-3.648:-3.502,10:-0.088:0.059,9:-2.917:4.887,10:3.717:0.351,10:-0.673:0.595,10:-1.6:2.351,9:3.229:-5.112,10:3.473:1.132,10:-2.429:-1.697,9:0.107:4.936,10:-0.966:0.741,10:1.522:2.79,8:-3.405:7.863,9:4.497:5.57,9:-4.721:-0.137,10:0.79:-0.917,10:-1.405:-2.234,10:1.473:3.961,10:0.01:0.156,10:3.327:-0.722,9:-8.185:0.595,10:-2.527:2.205,10:3.522:2.351,10:1.18:-0.917,10:-2.38:-1.697,10:-1.551:2.839,9:-3.063:3.668,10:-2.283:-2.136,9:-3.112:4.204,10:0.01:-0.429,9:4.253:-5.112,10:1.863:-0.283,10:1.083:-4.185,9:-2.429:4.887,10:0.107:0.205,10:-0.527:-3.892,10:0.644:-0.868,10:-2.819:-2.722,10:-3.209:0.936,9:-4.283:-3.697,9:3.375:-4.185,10:3.765:-0.966,10:-2.234:-2.673,10:-0.722:2.985,10:0.449:-0.966,9:-1.356:4.936,10:-0.234:-0.332,8:-10.77:-0.088,10:-1.454:-2.966,9:-3.014:-3.746,9:5.912:-2.283,8:-10.623:-1.21"
2026-02-26,6UGr4SKzybRX2sP5XSyI,LGtXqoqU97VAzOVlBq3d,,"10:0:0,10:0:0,10:0:0,10:0:0,10:0:0,10:0:0,10:0:0,10:0:0,10:0:0,10:0:0,9:0:0,9:0:0,10:0:0,9:0:0,10:0:0,10:0:0,10:0:0,9:0:0,9:0:0,9:0:0,10:0:0,10:0:0,10:0:0,10:0:0,10:0:0,10:0:0,10:0:0,10:0:0,9:0:0,8:0:0"
2026-02-20,B2DYafc5DJRZpkz8oFYW,QnH0rFllSHhT4ZMQHDWS,,"9:5.668:5.814,9:2.985:4.009,10:-0.917:0.059,10:1.863:-3.356,9:1.18:5.278,10:-0.771:3.083,10:2.985:1.278,10:-0.868:-0.283,9:0.156:4.741,8:4.839:11.228,10:1.912:-0.478,10:-2.673:-0.088,10:1.375:3.912,10:-1.551:2.107,9:5.18:-3.892,10:2.156:2.79,9:-1.356:-6.185,9:4.156:5.229,9:4.595:4.741,10:-1.21:-3.746,9:-1.307:-5.014,9:-4.965:5.034,10:0.936:2.01,10:0.79:1.863,9:4.936:4.302,10:2.644:-1.454,10:-0.624:-1.99,10:1.375:1.18,10:-0.722:1.766,9:-0.283:-4.917,9:4.253:-4.77,10:-0.673:-0.527,9:-5.063:-0.039,10:-2.77:2.888,10:-1.21:4.156,10:0.546:-1.356,10:1.278:2.692,10:-4.234:-0.38,10:-1.161:-2.234,10:0.156:-0.917,8:-2.283:-9.404,9:5.034:0.936,9:4.741:-0.185,10:1.571:-3.405,10:-1.454:3.131,10:-0.185:-0.185,10:-0.917:1.668,10:2.156:-2.088,10:-0.088:-3.405,9:3.619:3.131,9:-3.892:4.985,10:3.229:-0.283,9:1.717:-7.941,10:-1.21:-2.478,10:-0.039:0.985,9:-7.355:0.205,10:-0.966:-0.332,9:-3.941:4.253,10:-0.185:-2.331,10:0.156:-1.551"
2026-02-15,5ROOJxj3jLEfxWe0SgRN,E1IWHaon8XSE5WF9wheT,,"9:5.691:3.835,10:0.154:1.718,10:2.956:-1.181,10:-0.041:3.835,9:3.998:-2.647,10:1.783:-0.367,10:-0.725:-0.139,9:4.161:-3.103,10:1.978:-0.562,10:-0.211:-0.211,9:2.625:-3.78,10:-3.365:-0.333,10:0.4:2.503,10:-0.186:-2.02,10:-0.455:-3.071,8:6.366:9.984,10:-0.186:2.552,9:-3.634:-4.734,9:-4.88:-0.846,10:3.359:2.112,10:-3.487:0.229,10:-2.851:-1.115,10:-3.365:2.65,9:-6.396:-2.925,10:0.498:3.994,8:-0.015:-9.135,10:-2.118:-3.242,9:4.141:-1.58,10:3.554:0.4,10:2.992:1.745,10:-4.147:0.009,10:0.352:-0.993,10:-2.778:-1.433,10:2.674:3.31,9:-5.027:-1.238,10:1.892:-2.582,10:-0.015:-0.26,9:-5.1:2.381,10:3.163:0.132,10:-0.015:-0.064,9:0.327:-4.587,10:0.107:-0.015,10:-3.634:-1.531,10:-1.507:-3.169,10:-2.607:0.107,10:-1.238:0.523,10:-2.607:0.352,9:2.356:-6.69,9:-4.685:2.503,9:-4.783:3.31,10:3.799:-1.189,10:2.919:0.425,10:0.009:-2.533,9:0.572:-8.377,9:3.848:3.872,10:-0.944:-0.626,9:-4.025:-4.171,10:-2.925:-0.895,9:-7.594:-2.216,10:-0.92:0.498"
2026-02-12,rGc71L0wuzZcJGq0QiSu,wSNWiGHCCbcDSSdZTx0k,,"10:0:0,10:0:0,9:0:0,9:0:0,9:0:0,10:0:0,10:0:0,10:0:0,10:0:0,10:0:0,9:0:0,8:0:0,9:0:0,9:0:0,9:0:0,10:0:0,10:0:0,9:0:0,10:0:0,10:0:0,10:0:0,10:0:0,10:0:0,9:0:0,10:0:0,9:0:0,10:0:0,9:0:0,9:0:0,10:0:0,9:0:0,10:0:0,9:0:0,9:0:0,10:0:0,9:0:0,10:0:0,10:0:0,9:0:0,9:0:0,10:0:0,10:0:0,10:0:0,9:0:0,9:0:0,9:0:0,9:0:0,9:0:0,9:0:0,9:0:0,9:0:0,9:0:0,9:0:0,10:0:0,10:0:0,10:0:0,10:0:0,10:0:0,10:0:0,8:0:0,10:0:0,10:0:0,10:0:0,10:0:0,10:0:0,10:0:0,8:0:0,10:0:0,10:0:0,7:0:0,10:0:0,9:0:0,10:0:0,10:0:0,10:0:0,10:0:0,10:0:0,10:0:0,10:0:0,9:0:0,10:0:0,10:0:0,9:0:0,9:0:0,10:0:0,9:0:0,10:0:0,10:0:0,10:0:0,10:0:0,9:0:0,10:0:0,10:0:0,10:0:0,10:0:0,9:0:0,9:0:0,10:0:0,10:0:0,9:0:0,10:0:0,9:0:0,9:0:0,9:0:0,0:0:0,9:0:0,9:0:0,9:0:0,8:0:0,10:0:0,8:0:0,9:0:0,9:0:0,9:0:0,9:0:0,10:0:0,10:0:0,10:0:0,9:0:0,10:0:0"
2026-02-08,QCRQnOlf0x4BgFhd1XER,iElV5HPcFxvQPuwcgM4K,,"9:0:0,9:0:0,10:0:0,10:0:0,10:0:0,10:0:0,9:0:0,10:0:0,10:0:0,10:0:0,10:0:0,9:0:0,10:0:0,9:0:0,9:0:0,10:0:0,10:0:0,10:0:0,10:0:0,10:0:0,10:0:0,10:0:0,10:0:0,10:0:0,9:0:0,9:0:0,10:0:0,10:0:0,10:0:0,9:0:0,10:0:0,10:0:0,10:0:0,10:0:0,10:0:0,9:0:0,10:0:0,9:0:0,10:0:0,10:0:0,9:0:0,10:0:0,9:0:0,10:0:0,10:0:0,9:0:0,10:0:0,9:0:0,9:0:0,9:0:0,9:0:0,9:0:0,8:0:0,9:0:0,10:0:0,10:0:0,9:0:0,10:0:0,9:0:0,10:0:0"
2026-02-05,w8SDrjnTIAxWLoSNYr4a,pQw5NHcYKZ4httMKt2IV,,"10:0:0,10:0:0,10:0:0,10:0:0,10:0:0,10:0:0,10:0:0,10:0:0,10:0:0,10:0:0,10:0:0,9:0:0,10:0:0,10:0:0,10:0:0,10:0:0,10:0:0,9:0:0,10:0:0,9:0:0,10:0:0,9:0:0,10:0:0,10:0:0,10:0:0,10:0:0,9:0:0,10:0:0,9:0:0,10:0:0"
2026-01-29,0P3duUXatYBBKJ0nigmB,zcxWKaj5glODAfWgJsl8,,"10:0:0,10:0:0,9:0:0,10:0:0,10:0:0,9:0:0,9:0:0,9:0:0,8:0:0,10:0:0,10:0:0,10:0:0,10:0:0,9:0:0,9:0:0,10:0:0,9:0:0,9:0:0,9:0:0,9:0:0,7:0:0,9:0:0,9:0:0,8:0:0,9:0:0,9:0:0,9:0:0,10:0:0,10:0:0,9:0:0,10:0:0,9:0:0,9:0:0,10:0:0,10:0:0,10:0:0,10:0:0,10:0:0,10:0:0,9:0:0,9:0:0,9:0:0,9:0:0,10:0:0,9:0:0,10:0:0,10:0:0,10:0:0,9:0:0,10:0:0,10:0:0,8:0:0,10:0:0,10:0:0,10:0:0,9:0:0,10:0:0,10:0:0,10:0:0,10:0:0"
2026-01-16,OtGldZtX57pel5dOpHHS,sBkRZPmg4mpkOlCP4Wry,,"10:0:0,10:0:0,9:0:0,10:0:0,10:0:0,10:0:0,10:0:0,10:0:0,10:0:0,9:0:0,10:0:0,9:0:0,10:0:0,10:0:0,10:0:0,10:0:0,10:0:0,9:0:0,10:0:0,9:0:0,10:0:0,10:0:0,10:0:0,8:0:0,10:0:0,9:0:0,9:0:0,9:0:0,10:0:0,9:0:0,8:0:0,9:0:0,10:0:0,8:0:0,10:0:0,10:0:0,10:0:0,8:0:0,9:0:0,9:0:0,9:0:0,10:0:0,10:0:0,10:0:0,10:0:0,9:0:0,10:0:0,10:0:0,10:0:0,9:0:0,8:0:0,10:0:0,10:0:0,10:0:0,9:0:0,8:0:0,10:0:0,8:0:0,8:0:0,10:0:0"
2026-01-14,aFrOuaTB8pnaHHdEZhUF,qZwDk9Kq08An1WGkCvlN,,"10:0:0,10:0:0,10:0:0,9:0:0,10:0:0,9:0:0,10:0:0,10:0:0,8:0:0,9:0:0,9:0:0,10:0:0,10:0:0,10:0:0,10:0:0,10:0:0,9:0:0,9:0:0,10:0:0,10:0:0,10:0:0,10:0:0,10:0:0,9:0:0,9:0:0,9:0:0,9:0:0,9:0:0,9:0:0,9:0:0,10:0:0,9:0:0,10:0:0,10:0:0,10:0:0,10:0:0,8:0:0,9:0:0,10:0:0,10:0:0,10:0:0,10:0:0,8:0:0,10:0:0,10:0:0,9:0:0,10:0:0,10:0:0,10:0:0,10:0:0,9:0:0,10:0:0,10:0:0,8:0:0,10:0:0,9:0:0,9:0:0,10:0:0,10:0:0,9:0:0"
2025-12-19,eEQsHOPTlsMORNypU1GR,XRCkN30TKRBBmKS5DOzo,,"10:0:0,10:0:0,9:0:0,10:0:0,10:0:0,9:0:0,10:0:0,10:0:0,10:0:0,9:0:0,9:0:0,9:0:0,10:0:0,10:0:0,9:0:0,10:0:0,10:0:0,9:0:0,10:0:0,9:0:0,10:0:0,10:0:0,9:0:0,10:0:0,10:0:0,10:0:0,10:0:0,9:0:0,10:0:0,8:0:0,9:0:0,9:0:0,10:0:0,10:0:0,10:0:0,10:0:0,9:0:0,10:0:0,10:0:0,9:0:0,10:0:0,9:0:0,10:0:0,9:0:0,9:0:0,10:0:0,10:0:0,10:0:0,10:0:0,9:0:0,10:0:0,10:0:0,10:0:0,10:0:0,10:0:0,10:0:0,10:0:0,10:0:0,10:0:0,9:0:0,10:0:0,10:0:0,10:0:0,10:0:0,10:0:0,9:0:0,10:0:0,10:0:0,10:0:0,10:0:0,10:0:0,9:0:0,10:0:0,10:0:0,9:0:0,10:0:0,9:0:0,9:0:0,10:0:0,10:0:0,9:0:0,10:0:0,10:0:0,10:0:0,10:0:0,10:0:0,10:0:0,9:0:0,10:0:0,10:0:0"
2025-12-18,r3Pmxhk2oEwYl5TojaB9,od2tLzGlKUFUnICR6vuO,,"10:0:0,9:0:0,9:0:0,10:0:0,8:0:0,9:0:0,10:0:0,10:0:0,10:0:0,9:0:0,8:0:0,9:0:0,10:0:0,10:0:0,9:0:0,10:0:0,8:0:0,10:0:0,9:0:0,9:0:0,10:0:0,10:0:0,10:0:0,9:0:0,10:0:0,9:0:0,10:0:0,10:0:0,10:0:0,9:0:0"
2025-12-16,RwuIXQSqsCdQavF3jGkP,eT1Fb7CqASBUhZAk3yzV,,"9:0:0,10:0:0,9:0:0,9:0:0,9:0:0,10:0:0,9:0:0,10:0:0,9:0:0,10:0:0,9:0:0,10:0:0,9:0:0,10:0:0,10:0:0,10:0:0,9:0:0,10:0:0,10:0:0,10:0:0,10:0:0,10:0:0,10:0:0,9:0:0,10:0:0,9:0:0,10:0:0,10:0:0,9:0:0,10:0:0,9:0:0,10:0:0,10:0:0,10:0:0,10:0:0,10:0:0,10:0:0,9:0:0,9:0:0,10:0:0,10:0:0,10:0:0,10:0:0,10:0:0,10:0:0,9:0:0,10:0:0,9:0:0,10:0:0,10:0:0,10:0:0,10:0:0,10:0:0,9:0:0,10:0:0,8:0:0,9:0:0,9:0:0,9:0:0,9:0:0"
2025-12-15,xrhBdXOcDhQsjiEcY1WG,xs5V5B3TNK5tv5e9iSJB,,"10:0:0,9:0:0,10:0:0,10:0:0,8:0:0,10:0:0,9:0:0,10:0:0,9:0:0,10:0:0,9:0:0,7:0:0,10:0:0,9:0:0,9:0:0,9:0:0,10:0:0,9:0:0,10:0:0,9:0:0,9:0:0,10:0:0,9:0:0,9:0:0,9:0:0,9:0:0,10:0:0,10:0:0,10:0:0,9:0:0,10:0:0,9:0:0,10:0:0,9:0:0,9:0:0,9:0:0,10:0:0,10:0:0,10:0:0,9:0:0,10:0:0,10:0:0,9:0:0,10:0:0,9:0:0,10:0:0,9:0:0,10:0:0,8:0:0,10:0:0,10:0:0,10:0:0,10:0:0,9:0:0,10:0:0,9:0:0,9:0:0,10:0:0,10:0:0,10:0:0"
2025-12-10,rf4lNWsqys6JchXg2NQn,wQZv4sxf5E3cUfBV9L30,,"10:0:0,10:0:0,10:0:0,10:0:0,10:0:0,10:0:0,10:0:0,10:0:0,10:0:0,10:0:0,10:0:0,10:0:0,10:0:0,9:0:0,10:0:0,10:0:0,9:0:0,10:0:0,10:0:0,10:0:0,10:0:0,10:0:0,9:0:0,10:0:0,9:0:0,10:0:0,10:0:0,9:0:0,10:0:0,10:0:0,9:0:0,10:0:0,10:0:0,10:0:0,10:0:0,10:0:0,10:0:0,10:0:0,10:0:0,10:0:0,10:0:0,10:0:0,10:0:0,10:0:0,10:0:0,10:0:0,9:0:0,9:0:0,8:0:0,9:0:0,10:0:0,9:0:0,10:0:0,10:0:0,10:0:0,10:0:0,10:0:0,10:0:0,10:0:0,8:0:0"
2025-12-07,wo6ARbRMnXZwRIUVuwDE,ClixhAmxHMoDrG4S1zxQ,,"9:0:0,10:0:0,9:0:0,10:0:0,10:0:0,10:0:0,10:0:0,10:0:0,9:0:0,10:0:0,10:0:0,10:0:0,9:0:0,9:0:0,10:0:0,10:0:0,10:0:0,10:0:0,9:0:0,10:0:0,10:0:0,10:0:0,8:0:0,9:0:0,10:0:0,10:0:0,10:0:0,9:0:0,9:0:0,10:0:0,10:0:0,9:0:0,10:0:0,10:0:0,10:0:0,9:0:0,10:0:0,10:0:0,10:0:0,10:0:0,10:0:0,10:0:0,9:0:0,10:0:0,10:0:0,10:0:0,9:0:0,10:0:0,10:0:0,10:0:0,10:0:0,10:0:0,10:0:0,9:0:0,9:0:0,10:0:0,8:0:0,9:0:0,9:0:0,9:0:0"
2025-12-04,ElqZz2Sqr2SYmINxJqEg,V9EduPOucf4nBqvaItWs,,"9:0:0,10:0:0,10:0:0,9:0:0,10:0:0,9:0:0,10:0:0,10:0:0,10:0:0,10:0:0,9:0:0,9:0:0,9:0:0,10:0:0,10:0:0,10:0:0,10:0:0,10:0:0,10:0:0,10:0:0,10:0:0,10:0:0,10:0:0,10:0:0,10:0:0,10:0:0,10:0:0,9:0:0,10:0:0,10:0:0,9:0:0,10:0:0,9:0:0,9:0:0,9:0:0,9:0:0,10:0:0,10:0:0,10:0:0,10:0:0,10:0:0,10:0:0,10:0:0,10:0:0,10:0:0,9:0:0,10:0:0,10:0:0,10:0:0,9:0:0,10:0:0,9:0:0,10:0:0,9:0:0,10:0:0,10:0:0,9:0:0,10:0:0,10:0:0,9:0:0"
2025-11-19,pNnQjuD7Wr0OaA6w4syA,pRSDkbZyr4igWS9apEIC,,"10:0:0,8:0:0,10:0:0,10:0:0,10:0:0,10:0:0,10:0:0,10:0:0,9:0:0,9:0:0,9:0:0,9:0:0,8:0:0,10:0:0,10:0:0,9:0:0,10:0:0,10:0:0,10:0:0,10:0:0,9:0:0,9:0:0,10:0:0,10:0:0,10:0:0,9:0:0,10:0:0,10:0:0,9:0:0,10:0:0,10:0:0,9:0:0,9:0:0,9:0:0,10:0:0,10:0:0,8:0:0,10:0:0,10:0:0,10:0:0,10:0:0,9:0:0,10:0:0,10:0:0,9:0:0,10:0:0,9:0:0,9:0:0,10:0:0,10:0:0,9:0:0,10:0:0,10:0:0,9:0:0,10:0:0,9:0:0,10:0:0,9:0:0,10:0:0,10:0:0"
2025-11-17,aoGT5SCW45OLqd75ATtX,4drRBd0YGOHrYFVrTUaJ,,"10:0:0,10:0:0,9:0:0,10:0:0,10:0:0,9:0:0,10:0:0,9:0:0,9:0:0,10:0:0,10:0:0,10:0:0,10:0:0,9:0:0,8:0:0,10:0:0,10:0:0,10:0:0,10:0:0,10:0:0,9:0:0,10:0:0,10:0:0,9:0:0,10:0:0,10:0:0,10:0:0,10:0:0,10:0:0,9:0:0,10:0:0,9:0:0,8:0:0,10:0:0,10:0:0,9:0:0,10:0:0,9:0:0,9:0:0,10:0:0,9:0:0,9:0:0,10:0:0,9:0:0,8:0:0,10:0:0,9:0:0,9:0:0,10:0:0,10:0:0,9:0:0,10:0:0,10:0:0,9:0:0,10:0:0,10:0:0,9:0:0,10:0:0,10:0:0,10:0:0"
2025-11-16,fbJilTG9EpbyrsPCB2TK,NoEo8G8E4IHEO5Y2Ro4g,,"10:0:0,10:0:0,10:0:0,9:0:0,10:0:0,9:0:0,10:0:0,9:0:0,10:0:0,9:0:0,10:0:0,10:0:0,10:0:0,9:0:0,8:0:0,10:0:0,10:0:0,9:0:0,10:0:0,10:0:0,9:0:0,10:0:0,8:0:0,9:0:0,9:0:0,10:0:0,10:0:0,9:0:0,9:0:0,10:0:0,10:0:0,10:0:0,9:0:0,10:0:0,9:0:0,9:0:0,10:0:0,9:0:0,9:0:0,10:0:0,9:0:0,9:0:0,10:0:0,10:0:0,9:0:0,10:0:0,9:0:0,9:0:0,10:0:0,10:0:0,10:0:0,10:0:0,10:0:0,9:0:0,10:0:0,10:0:0,9:0:0,10:0:0,10:0:0,10:0:0,10:0:0,10:0:0,9:0:0,10:0:0,9:0:0,9:0:0,10:0:0,10:0:0,8:0:0,10:0:0,10:0:0,8:0:0,9:0:0,9:0:0,9:0:0,10:0:0,10:0:0,9:0:0,10:0:0,10:0:0,9:0:0,10:0:0,10:0:0,9:0:0,10:0:0,9:0:0,9:0:0,10:0:0,10:0:0,10:0:0"
2025-10-02,tnN8is8H5AIGTNKEuxjv,1aLiW3pMRAnKbwTa0WyD,,"10:-3.823:-2.898,10:4.959:-3.052,10:4.959:4.651,10:-0.279:7.424,9:-0.896:14.819,9:6.808:16.976,9:8.965:19.441,8:11.738:24.063,7:3.11:38.854,10:-0.896:12.354,10:-4.593:11.43,9:11.43:21.29,9:23.139:-8.291,9:-3.977:-22.465,8:-0.587:29.302,8:-13.837:23.447,8:26.22:-6.442,8:-0.896:-31.709,10:-7.983:-0.896,10:9.273:-1.204,10:9.581:-7.983,9:-12.605:12.662,9:-18.151:14.819,9:-1.204:-19.692,9:-3.361:-19.692,8:5.883:33.308,7:-38.488:1.878,10:2.648:-0.433,10:-2.128:1.261,10:-6.75:-0.587,10:-8.599:-0.587,10:-9.215:7.732,9:-0.587:-19.384,9:-12.297:19.133,9:19.441:13.895,8:-3.977:-32.942,10:2.494:-7.983,10:8.965:-2.128,10:5.575:8.965,10:-7.674:5.883,9:1.57:-15.07,9:-13.221:11.738,9:-24.93:-1.204,8:-27.703:13.279,8:16.36:26.529,10:2.494:-1.512,10:4.959:-3.361,10:1.261:8.04,10:-7.983:8.965,9:-6.134:15.128,9:-1.512:20.982,9:-16.61:-9.215,9:-22.773:-10.756,7:-40.337:-16.61,10:-3.052:4.651,10:9.581:-1.82,10:-4.285:11.43,9:1.57:13.587,9:0.029:16.976,9:-2.436:24.063,8:-28.936:-7.983,8:26.22:7.116,8:-3.977:34.848,10:0.029:5.267,10:-6.134:-8.599,9:-14.762:2.186,9:-16.919:9.581,9:-20.616:9.273,9:18.209:-13.529,8:-27.087:4.035,8:12.662:25.296,8:-3.361:-32.017,10:-2.59:0.491,10:0.029:7.424,9:-0.279:13.895,9:-1.82:14.203,9:-11.988:8.349,9:-19.075:-4.593,9:-14.145:-15.07,9:23.447:4.959,7:-23.389:30.534,10:-2.436:8.04,10:-1.82:8.965,10:-10.14:-0.279,9:7.732:-16.302,9:-19.075:-12.913,9:-20.308:-0.896,9:1.878:18.825,9:11.122:13.279,8:13.587:22.523,10:-5.518:0.337,10:0.953:4.343,10:0.645:8.965,9:0.029:13.895,9:-7.983:16.36,9:-14.453:-16.302,9:-16.919:-7.366,9:-20:-6.75,9:-23.389:0.337,10:4.035:-3.669,10:6.5:2.494,10:6.192:-8.907,10:8.657:4.035,9:12.971:-3.669,9:16.36:-3.977,9:-7.983:12.354,9:-4.593:21.29,8:-18.767:21.29,10:-1.358:-3.515,10:5.267:4.651,10:9.889:-2.128,10:9.889:5.883,9:7.116:14.819,9:8.965:-13.529,9:-5.518:-22.773,7:-38.488:16.668,7:-29.86:26.22,10:-0.896:-0.896,10:-10.14:-1.204,10:-8.291:8.349,10:4.035:11.738,9:-7.674:11.738,9:-1.82:13.895,9:5.575:17.593,9:3.727:-18.151,9:7.732:-18.459,10:-7.674:0.645,10:-8.599:3.418,9:7.424:12.662,9:11.738:10.197,9:-18.767:12.971,9:-18.151:-12.297,8:9.581:-25.546,8:-15.378:-23.389,8:-35.407:2.802,10:-3.207:-0.741,10:4.651:11.122,9:11.122:14.203,9:-1.82:17.901,9:-7.366:13.279,9:-12.297:18.209,9:-14.762:-10.14,8:1.57:-35.099,8:12.046:30.534"
2025-09-25,HYOPzaVdmjPj05jB3Fk2,5zRCSMlVJvhlQcpCCTYP,,"10:3.264:2.032,10:7.424:-1.512,9:-0.587:13.587,9:-1.204:-15.378,9:4.651:-14.762,9:20.982:1.261,9:15.128:13.587,9:9.581:19.133,9:2.802:22.523,10:-4.285:-2.436,10:0.337:3.11,10:-0.279:7.732,10:3.727:-8.907,10:8.965:5.883,10:11.122:-3.361,9:13.279:-3.052,9:-0.896:17.284,8:-9.215:-25.546,10:-0.896:-2.744,10:-12.605:0.337,9:-7.983:11.122,9:-6.442:14.819,9:8.965:11.43,9:15.128:-0.279,9:5.267:-17.227,9:0.029:-21.541,8:16.668:29.302,10:-0.896:0.337,10:-8.291:0.645,10:-10.448:3.727,9:-0.587:16.976,9:-18.767:10.197,8:-16.61:-21.849,8:10.814:-25.546,8:31.151:1.878,8:-1.512:28.994,10:-1.05:-8.753,10:-11.372:0.337,10:-0.279:10.505,10:6.5:6.5,9:4.651:23.139,9:8.349:20.674,9:-0.587:-18.459,9:-8.907:-15.686,8:-29.244:-4.593,10:-0.279:-0.587,10:6.5:-7.366,10:10.197:-1.204,10:8.965:4.959,9:11.122:14.511,9:16.668:6.192,9:17.593:-4.901,9:-8.907:-18.459,9:-13.529:-12.605,10:1.57:-1.82,10:3.727:-2.128,10:-5.518:2.186,10:8.04:7.116,10:-7.058:-11.372,9:-8.599:14.511,9:20.674:0.953,9:-11.988:-20.616,7:-40.645:5.883,10:-8.291:-2.436,10:-0.587:12.046,9:-13.221:19.75,9:-15.07:16.052,9:-12.913:-13.837,9:-11.064:-21.541,8:9.581:33.616,8:-31.709:-18.767,7:32.383:20.058,10:-4.747:5.421,10:4.651:5.267,9:15.436:4.959,9:16.668:1.57,9:18.209:3.727,9:0.029:-16.919,9:6.192:-15.994,9:13.279:-15.994,9:-14.145:19.441,10:-3.669:-1.204,10:-6.75:9.889,10:-0.587:-11.372,9:-13.529:3.727,9:-1.82:13.279,9:12.046:-7.058,9:13.279:10.197,9:6.808:21.598,8:3.727:-26.163,10:3.727:-1.204,10:-3.052:-1.82,10:-4.593:7.116,10:-7.983:0.953,9:12.046:10.505,9:10.814:17.593,9:4.651:-16.302,9:-21.849:7.732,8:25.912:14.511,10:1.878:-4.901,10:8.965:-1.204,9:13.587:-2.128,9:7.116:-22.773,9:-10.14:17.593,8:6.192:26.22,8:-2.128:27.761,8:-11.064:30.226,7:36.697:-10.756"
2025-09-24,2O6lx4v2tn7xMIqepYPf,G4OdH18AQYtpm30BIlME,,"10:-2.282:1.724,10:-3.669:5.883,10:11.122:-4.901,10:10.814:-7.058,9:-11.68:14.203,9:2.494:20.366,8:-20:16.976,7:15.744:39.162,7:37.93:0.337,10:-4.593:-3.669,9:2.802:-13.837,9:5.883:-15.686,9:-6.75:13.587,9:-2.744:-20,9:19.133:-7.366,9:13.895:16.976,9:-18.767:14.819,9:-19.692:11.738,10:-0.279:2.186,10:2.802:-1.204,10:4.651:5.883,9:-13.529:-13.529,9:-19.075:11.122,9:-1.82:16.976,9:21.906:1.57,8:-0.279:29.61,7:-32.942:-25.238,10:5.883:5.883,10:-1.204:-9.523,10:-9.215:-6.442,10:-11.68:0.953,10:-10.14:8.349,9:-5.826:16.36,9:17.901:-4.593,7:-17.227:-41.261,7:-23.081:33.308,10:-0.587:-2.744,10:0.029:1.57,10:8.657:6.192,10:-11.68:0.337,9:3.11:18.825,9:-3.361:18.825,9:14.819:-15.378,9:-22.773:8.657,8:-4.901:24.988,9:5.883:12.046,9:-2.128:13.587,9:-14.453:14.511,9:18.517:6.808,9:11.43:-12.297,9:9.273:-21.541,9:2.802:-24.314,9:-4.285:-24.622,8:-28.936:-11.988,10:-2.128:-0.587,10:-3.052:-7.058,10:-7.674:-5.826,10:-8.291:-1.512,9:-11.064:8.657,9:13.895:1.261,9:2.802:-21.849,8:1.57:-31.709,7:-36.947:15.436,10:-9.831:4.343,9:-8.599:10.814,9:9.889:10.197,9:14.203:3.418,9:-0.587:-16.61,9:-2.744:-18.459,8:30.534:6.5,8:-25.238:-18.767,7:-32.325:-25.854"
2025-09-21,tQapcJbcs3Xwm4F5FnxP,MKmCjk62tueSWck4HqKm,,"9:15.282:1.724,9:13.895:-18.459,9:11.738:19.441,9:-9.831:22.523,9:-13.837:19.133,9:-24.314:-2.744,10:-10.448:5.575,9:-19.075:12.971,9:24.063:0.953,10:7.424:-4.285,9:14.511:7.116,9:9.889:16.668,10:2.802:2.186,10:-7.674:-4.285,10:-12.297:0.953,9:-16.302:-1.512,9:-17.535:6.5,8:3.418:30.226,10:-0.279:-0.896,10:-0.279:5.883,10:3.11:4.343,9:12.046:-12.605,9:12.354:10.197,8:13.587:24.063,8:23.447:28.377,8:-7.058:25.912,7:-38.796:20.674,10:0.645:-1.82,10:2.494:9.273,9:-5.518:-12.913,10:0.029:9.581,10:-6.134:6.808,9:-13.837:7.116,9:-6.75:23.139,8:18.825:22.831,8:-5.209:32.691,9:-14.762:1.261,9:-0.279:13.279,9:11.43:6.192,8:-26.163:-0.896,8:-31.709:-0.279,8:26.837:1.878,9:-11.988:-7.983,9:12.971:11.43,9:-18.459:-13.529,10:-10.448:7.424,9:-16.919:0.337,9:-16.61:1.261,10:-6.134:4.651,9:0.337:-14.145,9:12.662:-9.215,9:-15.07:19.133,7:-43.418:-0.587,5:-50.505:40.086,10:-2.744:11.122,10:-9.215:0.645,9:-11.68:-9.831,9:-19.075:1.878,9:-22.465:0.337,6:-13.529:49.639,10:7.116:-0.896,10:-7.674:2.494,9:-14.145:5.575,9:-16.61:-1.512,9:16.052:-4.593,9:1.261:15.436,9:9.889:-11.064,9:-9.831:-16.919,9:0.337:17.593,8:-21.849:-18.459,7:-28.628:34.232,4:-27.087:71.208"
2025-09-18,rRVXwgeASJAp4NvZTGPJ,PWZWEOAAQkSkTbudkzsN,,"10:-5.975:-2.623,9:16.556:1.66,9:9.667:14.508,9:6.315:17.86,9:-0.947:23.074,8:11.342:-32.044,10:-1.512:2.494,9:-6.442:16.052,9:14.511:-12.913,9:17.901:-13.837,8:21.906:-16.919,8:-14.762:26.529,10:-3.669:7.732,10:-1.512:-9.831,9:8.349:-14.762,9:5.575:-20.924,9:-0.587:17.593,9:8.965:12.662,10:-0.279:-5.209,10:-1.512:4.035,10:7.732:-7.366,10:7.116:1.878,9:17.593:-0.896,9:12.662:18.825,10:0.029:9.273,9:-14.453:5.267,8:-28.32:3.418,8:26.837:8.349,8:17.901:27.761,7:-27.395:28.069,10:-3.669:0.029,10:-11.68:-6.442,9:6.192:-12.605,9:10.197:12.046,9:-10.14:12.971,9:-23.698:0.645,9:4.497:-13.067,9:7.732:-11.372,9:14.203:10.814,8:-25.854:13.895,7:-23.389:31.151,7:5.575:40.703,10:-4.901:-0.587,9:1.57:-17.843,9:-7.674:12.971,9:-0.896:16.976,8:-25.854:10.814,8:-31.709:12.662,10:0.953:0.645,10:0.953:4.035,10:-3.669:4.651,10:6.5:4.651,9:2.802:-14.453,8:-11.68:25.296,10:0.029:-9.215,9:11.738:-7.674,9:-5.518:-19.384,9:1.878:16.668,9:-8.291:13.279,8:-20.308:27.761,10:8.04:-5.826,9:13.279:1.57,9:9.273:13.587,9:-24.93:1.57,8:13.895:27.145,8:-33.866:8.657,10:1.261:6.5,9:-2.436:21.29,9:-15.07:16.976,8:-0.896:25.604,7:-40.953:-1.204,6:-52.046:0.029"
2025-06-18,XlWnPeOm0MZ5LdBLCRqO,dPht1wGiYBjqFkZjRnkD,,"10:-0.741:-4.439,9:0.645:22.523,9:20.058:10.197,8:13.587:26.529,8:-1.82:31.459,8:-24.622:9.889,10:6.5:-8.907,10:12.662:-1.82,10:6.5:5.883,9:-2.436:20.058,9:-4.901:-17.535,8:-28.011:1.261,10:-11.68:-4.285,10:-11.68:0.645,9:17.593:-15.994,9:21.598:-10.756,8:-23.081:12.354,8:-33.25:7.424,10:7.424:-8.907,10:-6.442:-9.831,9:2.802:-14.453,9:-7.058:-20.616,9:-0.896:15.744,9:18.517:0.029,10:1.878:-4.285,10:2.494:-2.744,10:6.192:-4.901,10:-7.674:-6.442,8:4.959:-29.244,8:-4.901:-32.942,10:4.959:3.11,10:-6.75:3.727,9:6.5:-17.535,9:9.581:8.965,9:6.808:11.122,8:-32.325:4.959,10:0.491:9.417,10:-1.758:8.41,10:-3.669:-12.297,9:-15.07:-0.896,9:10.505:14.511,9:11.738:16.36,10:-7.058:-9.523,9:-14.453:-0.279,9:10.505:18.209,8:-1.82:28.685,8:24.988:-27.087,7:36.081:32.075,10:4.343:-8.599,10:8.349:-4.593,10:-0.896:8.04,9:1.878:14.819,7:6.808:40.703,7:-12.605:43.476,10:-8.291:-7.366,9:-17.227:10.505,9:5.575:-18.151,9:16.36:-2.128,9:9.581:18.517,8:-20.308:20.058,10:-1.82:-9.523,10:-7.058:4.651,10:8.349:2.186,9:-2.128:21.29,8:-2.436:25.604,8:30.534:2.186,10:-0.587:-3.361,9:-6.75:14.511,9:-14.762:14.511,9:16.052:-0.896,8:1.57:28.685,8:11.122:33.308"
2025-06-15,XTCIfESLOwOb3Oz2KawM,1yFMjOMQa6o1GOVmbIPX,,"10:0:0,10:0:0,10:0:0,9:0:0,9:0:0,9:0:0,9:0:0,8:0:0,8:0:0,8:0:0,8:0:0,7:0:0,10:0:0,10:0:0,10:0:0,10:0:0,9:0:0,9:0:0,8:0:0,8:0:0,8:0:0,8:0:0,8:0:0,8:0:0,10:0:0,10:0:0,10:0:0,10:0:0,9:0:0,9:0:0,9:0:0,9:0:0,9:0:0,9:0:0,9:0:0,8:0:0,10:0:0,10:0:0,10:0:0,9:0:0,9:0:0,9:0:0,9:0:0,9:0:0,9:0:0,9:0:0,7:0:0,7:0:0,10:0:0,10:0:0,10:0:0,9:0:0,9:0:0,9:0:0,9:0:0,8:0:0,8:0:0,8:0:0,8:0:0,7:0:0,10:0:0,10:0:0,10:0:0,10:0:0,10:0:0,9:0:0,9:0:0,9:0:0,9:0:0,9:0:0,8:0:0,8:0:0,10:0:0,9:0:0,9:0:0,9:0:0,9:0:0,9:0:0,9:0:0,9:0:0,9:0:0,8:0:0,8:0:0,8:0:0,10:0:0,10:0:0,10:0:0,10:0:0,10:0:0,9:0:0,9:0:0,9:0:0,9:0:0,9:0:0,9:0:0,8:0:0,10:0:0,10:0:0,10:0:0,10:0:0,10:0:0,9:0:0,9:0:0,9:0:0,9:0:0,9:0:0,9:0:0,7:0:0"
2025-06-14,TAOkeWE6rrIHFK0Ltmjo,YYFKNwWQgZ9VTEp0A2Xj,,"10:0:0,10:0:0,10:0:0,10:0:0,9:0:0,9:0:0,9:0:0,9:0:0,9:0:0,8:0:0,8:0:0,7:0:0,10:0:0,10:0:0,9:0:0,9:0:0,9:0:0,9:0:0,9:0:0,9:0:0,9:0:0,8:0:0,8:0:0,8:0:0,10:0:0,10:0:0,10:0:0,10:0:0,9:0:0,9:0:0,9:0:0,9:0:0,9:0:0,9:0:0,9:0:0,7:0:0,10:0:0,10:0:0,10:0:0,10:0:0,9:0:0,9:0:0,9:0:0,9:0:0,9:0:0,8:0:0,8:0:0,8:0:0,10:0:0,10:0:0,9:0:0,9:0:0,9:0:0,9:0:0,9:0:0,9:0:0,9:0:0,9:0:0,8:0:0,7:0:0,10:0:0,10:0:0,9:0:0,9:0:0,9:0:0,9:0:0,9:0:0,9:0:0,9:0:0,8:0:0,8:0:0,8:0:0"
2025-06-11,KNE5lxN5djJ56Epr88Sm,4hyMY070O6q5vbghe61l,,"10:-6.288:-9.061,9:23.139:-4.285,8:23.755:-16.61,8:26.837:12.662,7:41.011:6.5,8:-24.622:20.058,10:7.116:-8.599,10:-3.669:11.43,9:-15.378:7.424,9:-2.436:21.906,9:13.895:8.04,8:-3.052:32.691,10:0.953:-3.977,10:0.337:8.657,10:-1.512:8.657,9:-10.756:13.895,9:0.337:23.139,8:19.75:18.209,10:-5.518:-0.896,10:-11.372:-0.587,9:0.645:-14.762,9:9.581:-12.297,8:26.529:6.5,8:36.081:-4.593,10:-1.512:-7.983,10:-5.518:7.116,9:-8.291:15.436,9:4.343:-18.151,9:15.744:0.645,8:9.273:24.68,10:6.5:-11.064,10:7.424:9.581,10:-2.436:7.732,9:-9.523:-17.535,9:-20.616:-8.907,8:17.284:-21.849,10:1.416:-7.212,10:-7.366:-9.523,9:-13.837:-11.988,9:-16.919:-12.297,8:9.889:24.988,5:-65.561:-14.683,10:-1.974:6.346,10:2.802:-7.983,9:-10.756:-11.68,9:-13.221:-11.68,9:-19.075:13.279,8:30.226:-0.587,10:-2.59:-5.98,9:-14.762:-4.901,9:-0.587:16.976,9:9.889:13.279,9:23.139:-6.442,8:22.831:-15.994,10:0.337:9.581,10:-9.523:2.186,9:15.128:-2.744,8:27.453:-2.744,8:22.215:19.133,8:-12.913:26.529,10:0.645:3.418,10:8.965:-3.977,9:14.203:-3.052,9:13.587:14.819,9:-11.988:9.889,9:-17.843:12.354,10:1.261:3.727,9:14.819:1.878,9:-13.837:6.5,9:6.5:19.441,8:-6.75:24.988,7:-34.482:18.209"
2025-06-02,lMvcoPgpi1QscHzeYJIp,eSFyaHDqs0ydFrFbaxXL,,"10:0:0,10:0:0,10:0:0,10:0:0,10:0:0,9:0:0,9:0:0,9:0:0,9:0:0,9:0:0,8:0:0,8:0:0,10:0:0,9:0:0,9:0:0,9:0:0,9:0:0,9:0:0,9:0:0,9:0:0,8:0:0,8:0:0,8:0:0,6:0:0,10:0:0,10:0:0,10:0:0,10:0:0,10:0:0,10:0:0,9:0:0,9:0:0,8:0:0,7:0:0,7:0:0,6:0:0,10:0:0,10:0:0,10:0:0,10:0:0,10:0:0,9:0:0,9:0:0,9:0:0,9:0:0,9:0:0,9:0:0,8:0:0,10:0:0,10:0:0,10:0:0,9:0:0,9:0:0,9:0:0,9:0:0,9:0:0,8:0:0,8:0:0,8:0:0,8:0:0,10:0:0,10:0:0,10:0:0,9:0:0,9:0:0,9:0:0,9:0:0,8:0:0,8:0:0,8:0:0,8:0:0,7:0:0"
2025-05-28,J8jp0YK4AwBB1cOI5Dlv,Bj1mTW2azS5Abj2q6IPh,,"10:0:0,9:0:0,9:0:0,8:0:0,7:0:0,7:0:0,10:0:0,10:0:0,10:0:0,10:0:0,9:0:0,8:0:0,10:0:0,9:0:0,9:0:0,8:0:0,8:0:0,8:0:0,10:0:0,9:0:0,9:0:0,9:0:0,8:0:0,0:0:0,10:0:0,10:0:0,9:0:0,9:0:0,8:0:0,8:0:0,10:0:0,10:0:0,10:0:0,9:0:0,9:0:0,6:0:0,10:0:0,9:0:0,9:0:0,9:0:0,8:0:0,8:0:0,10:0:0,10:0:0,10:0:0,10:0:0,9:0:0,8:0:0,10:0:0,10:0:0,10:0:0,10:0:0,9:0:0,9:0:0,10:0:0,10:0:0,9:0:0,8:0:0,7:0:0,6:0:0,10:0:0,9:0:0,9:0:0,9:0:0,8:0:0,7:0:0,10:0:0,10:0:0,10:0:0,9:0:0,8:0:0,7:0:0"
2025-05-25,2Ey0z40fJoJ698WPMIIE,S5cd2zC4dSVnEKVGn1WH,,"10:-6.134:4.959,9:12.662:-7.674,9:-12.913:8.965,8:22.523:16.668,8:21.906:23.447,7:39.778:8.657,9:-24.006:0.953,9:-15.07:12.046,8:9.581:-29.86,7:37.93:3.11,7:-17.535:33.924,7:-30.476:30.226,10:-4.285:6.5,8:-14.762:32.691,8:26.837:8.657,7:15.744:-38.796,6:21.598:44.709,6:5.575:54.569,9:-6.75:-13.221,9:-2.436:15.128,8:-7.983:25.296,8:14.511:21.906,8:18.517:23.755,7:41.627:0.645,10:3.727:9.273,10:6.192:-10.756,9:17.901:-4.285,9:-18.459:-4.901,9:-21.541:0.953,8:28.685:12.354,9:16.052:15.128,9:14.511:17.284,9:0.645:-15.994,9:-14.453:-4.285,9:-19.692:0.953,8:-24.006:24.988,10:-12.142:3.572,9:-13.529:8.349,9:-15.686:12.971,9:14.511:19.75,9:10.814:-15.378,8:25.912:-8.907,10:-4.747:-9.986,9:9.581:-20.616,9:0.337:21.29,9:4.035:21.29,8:-31.093:-0.896,8:13.587:-29.244,10:-0.896:-6.75,10:-4.593:9.273,10:11.43:-1.204,9:6.808:-15.994,9:9.889:8.965,9:2.494:24.372,10:-3.052:-3.052,10:1.57:-9.523,10:2.802:8.965,9:-10.756:-18.767,9:-11.68:-12.605,8:-16.61:28.377,10:9.273:8.04,8:-27.087:-0.587,8:-28.011:2.186,7:-18.151:33.308,7:-18.151:39.162,6:37.93:-33.558,10:6.038:-8.753,9:-0.587:16.668,9:-6.75:12.354,8:-22.465:19.441,8:-13.221:28.994,8:13.587:33.308"
2025-05-24,bYDyMoYdDfZyJCPG1Kub,3pYet8Adr1kB9AOp3MZe,,"10:7.034:-4.485,9:14.662:6.879,9:-5.575:19.955,9:-12.736:13.728,9:8.435:-19.897,8:-0.282:28.984,10:-1.528:-3.084,10:7.19:6.256,9:11.549:15.285,9:5.011:18.71,9:-18.029:-13.359,8:-31.105:7.19,10:-0.905:3.143,10:-4.33:-2.462,10:-9.934:-5.575,9:-18.029:2.52,8:10.615:25.559,8:-16.472:27.116,10:0.029:-4.33,10:4.077:3.765,9:-3.707:-13.67,9:3.143:-15.227,8:34.277:0.029,7:-15.538:34.9,10:2.52:6.256,9:-9.934:-11.802,9:13.728:9.992,9:-0.593:20.578,8:11.549:31.475,7:-0.593:44.551,10:-13.514:-1.995,10:11.238:3.454,8:29.295:0.963,8:33.032:0.652,8:6.879:34.9,8:-14.604:25.248,10:-8.688:-3.396,10:7.813:-0.905,10:9.058:1.586,9:-9.934:-18.963,9:3.143:13.417,6:-0.282:53.58,10:0.652:-10.245,10:-6.509:-10.868,9:-13.981:0.652,9:-17.095:2.52,9:-14.604:18.087,9:15.285:6.879,10:-9.934:1.586,10:10.926:0.963,9:6.256:12.483,9:-10.556:9.681,9:-2.462:19.644,8:-24.878:-10.245,9:-0.282:-19.274,9:8.747:-16.472,9:15.596:11.238,9:9.058:15.908,9:-17.406:5.945,8:-14.293:25.871,10:-1.216:-2.462,10:-3.707:1.275,10:0.341:1.275,9:4.077:16.219,9:-4.641:15.285,9:-18.651:-11.179,10:-1.528:-2.773,10:-7.754:5.633,10:7.501:3.143,9:-0.905:14.04,9:-13.67:-5.575,8:-18.963:21.823"
2025-05-24,XlZu5HWUwde4IpVVLGFP,tBikcyrmnYUudvUw0jVo,,"10:6.318:-9.56,10:2.831:3.454,10:8.124:3.765,9:22.135:3.765,8:25.871:12.483,8:23.069:13.106,8:14.974:24.003,9:-15.538:8.124,7:3.454:38.947,10:-2.462:-3.396,10:7.19:0.029,10:9.37:-7.443,10:-7.443:4.699,9:9.992:11.549,9:-8.066:10.926,9:-20.208:-2.462,9:-15.227:-12.425,9:24.003:-0.282,10:0.963:-4.33,9:-11.491:-9.311,9:-12.736:5.322,9:-10.556:8.435,9:8.747:9.37,9:-17.095:-2.15,8:20.889:-24.256,8:24.625:-10.245,8:21.512:17.776,10:-1.528:0.029,10:-5.264:-2.773,10:-9.622:-8.066,10:7.813:-9.622,9:10.615:-9.622,9:-16.783:5.011,9:-9.622:13.106,8:9.058:24.003,8:32.72:13.106,10:-6.509:-9.311,10:-0.593:-5.575,10:-6.198:0.652,10:-11.491:1.897,10:-6.509:9.681,10:10.926:0.029,9:6.567:11.238,8:-17.717:20.267,7:34.9:-28.614,10:0.652:4.077,10:4.388:9.058,10:-7.443:9.058,9:-14.293:-0.905,9:-16.472:13.417,9:-18.651:-3.396,9:-6.198:-19.585,8:26.182:-11.179,9:6.256:14.04,10:-1.061:-12.269,10:-5.575:0.963,9:12.794:11.549,9:21.201:9.058,9:12.794:19.332,8:-5.264:29.918,8:18.71:28.673,7:36.768:19.644,7:-35.153:-28.614,10:-3.707:-5.264,10:-1.839:-9.622,9:-13.359:7.19,9:19.021:0.029,9:14.351:17.464,8:-30.171:6.879,8:35.211:-9.311,8:35.834:-4.018,7:-1.839:41.127"
2025-05-17,aNB6XMCAU3nBGiUbtZtW,gF7FamuZl6rsJ4vIF3Ni,,"9:0:0,8:0:0,8:0:0,8:0:0,8:0:0,7:0:0,10:0:0,10:0:0,9:0:0,8:0:0,8:0:0,7:0:0,10:0:0,9:0:0,9:0:0,9:0:0,7:0:0,7:0:0,10:0:0,9:0:0,9:0:0,9:0:0,8:0:0,8:0:0,10:0:0,9:0:0,9:0:0,8:0:0,7:0:0,6:0:0,10:0:0,10:0:0,10:0:0,9:0:0,9:0:0,7:0:0,10:0:0,10:0:0,8:0:0,8:0:0,7:0:0,6:0:0,10:0:0,9:0:0,9:0:0,9:0:0,8:0:0,7:0:0,10:0:0,9:0:0,9:0:0,9:0:0,9:0:0,8:0:0,10:0:0,9:0:0,9:0:0,7:0:0,7:0:0,6:0:0,9:0:0,9:0:0,9:0:0,9:0:0,8:0:0,8:0:0,10:0:0,9:0:0,9:0:0,8:0:0,7:0:0,7:0:0"
2025-05-15,jh7RkLdQEdXXLcJC7itv,8sD4dSdgKyJu26L9MTw0,,"10:-4.174:-8.533,10:-10.868:3.143,10:-10.868:6.879,9:10.615:-13.981,9:2.209:16.53,9:9.37:16.53,10:-6.82:-8.377,9:-4.952:14.662,9:-12.736:13.728,9:12.172:-16.161,8:24.937:12.483,7:-42.002:-4.952,10:-0.593:-3.707,9:-14.604:-14.293,9:-15.849:14.04,9:22.757:2.52,8:-32.351:-8.688,8:-30.482:7.813,10:-2.773:0.029,10:5.011:-8.688,10:6.879:-5.575,10:9.992:1.275,9:-2.773:19.021,9:-12.736:19.021,10:1.897:-0.905,10:9.058:-1.528,10:-4.33:12.172,9:-9.311:10.926,8:25.871:4.699,8:-26.124:7.19,10:4.699:-2.462,10:4.077:0.652,10:-7.754:-7.132,8:0.963:-26.435,8:13.728:22.135,7:-36.709:-28.926,9:5.011:12.172,9:-10.556:10.304,8:-25.812:13.106,8:-24.878:24.314,8:25.559:23.691,6:49.533:-12.113,10:-3.084:-12.425,9:8.435:-18.963,9:13.106:8.435,8:6.256:28.361,8:30.23:-0.593,7:41.749:0.029,9:9.058:-12.425,9:-15.227:-0.282,9:-13.359:8.435,8:-24.878:21.823,7:-37.021:14.04,6:52.024:13.417,10:0.963:10.926,9:-18.963:-4.952,9:-19.897:-3.396,9:-12.425:18.71,9:7.813:-21.454,9:12.483:-15.849,10:-5.886:10.615,9:-19.897:4.077,8:22.446:-19.585,8:36.456:0.341,7:-36.398:18.398,5:-67.578:-17.895,10:4.45:1.648,9:6.567:-12.425,9:9.058:-11.491,9:16.219:14.974,8:21.512:18.398,8:-23.944:16.842"
2025-05-07,G2KGfI7QdNJa852Rzcvj,CBv40Byif9BB9w44CEi0,,"10:0:0,10:0:0,9:0:0,9:0:0,9:0:0,9:0:0,9:0:0,9:0:0,8:0:0,8:0:0,8:0:0,8:0:0,10:0:0,10:0:0,9:0:0,9:0:0,8:0:0,8:0:0,9:0:0,9:0:0,9:0:0,9:0:0,9:0:0,8:0:0,10:0:0,10:0:0,9:0:0,9:0:0,9:0:0,8:0:0,10:0:0,9:0:0,9:0:0,8:0:0,8:0:0,7:0:0,10:0:0,9:0:0,9:0:0,9:0:0,8:0:0,8:0:0,10:0:0,9:0:0,9:0:0,9:0:0,8:0:0,8:0:0,10:0:0,9:0:0,9:0:0,9:0:0,9:0:0,8:0:0,10:0:0,9:0:0,9:0:0,9:0:0,9:0:0,8:0:0,10:0:0,9:0:0,9:0:0,9:0:0,8:0:0,8:0:0,10:0:0,10:0:0,9:0:0,9:0:0,8:0:0,6:0:0"
2025-05-06,waCWFvKGL0CQo8eaPzmc,RDC3YUP31cbewE3Hk1u6,,"10:0:0,9:0:0,9:0:0,9:0:0,9:0:0,8:0:0,10:0:0,9:0:0,9:0:0,9:0:0,9:0:0,8:0:0,10:0:0,10:0:0,9:0:0,8:0:0,8:0:0,7:0:0,10:0:0,10:0:0,10:0:0,8:0:0,8:0:0,7:0:0,10:0:0,10:0:0,10:0:0,9:0:0,9:0:0,8:0:0,10:0:0,10:0:0,10:0:0,10:0:0,9:0:0,9:0:0,10:0:0,10:0:0,10:0:0,10:0:0,9:0:0,9:0:0,10:0:0,10:0:0,9:0:0,9:0:0,8:0:0,7:0:0,10:0:0,10:0:0,10:0:0,9:0:0,9:0:0,8:0:0,10:0:0,10:0:0,9:0:0,9:0:0,8:0:0,7:0:0,10:0:0,10:0:0,9:0:0,9:0:0,9:0:0,8:0:0,10:0:0,9:0:0,9:0:0,9:0:0,8:0:0,7:0:0"
2025-05-04,8fSClnTuEWwllxonrswO,VrDrT7IIJU0kYlfyNrlR,,"10:0:0,10:0:0,9:0:0,9:0:0,9:0:0,9:0:0,9:0:0,9:0:0,9:0:0,8:0:0,8:0:0,7:0:0,10:0:0,10:0:0,9:0:0,9:0:0,9:0:0,8:0:0,10:0:0,10:0:0,9:0:0,9:0:0,9:0:0,8:0:0,9:0:0,9:0:0,9:0:0,9:0:0,9:0:0,8:0:0,10:0:0,10:0:0,9:0:0,9:0:0,9:0:0,7:0:0,10:0:0,10:0:0,10:0:0,10:0:0,9:0:0,8:0:0,10:0:0,9:0:0,9:0:0,9:0:0,7:0:0,6:0:0,10:0:0,10:0:0,9:0:0,9:0:0,8:0:0,8:0:0,10:0:0,10:0:0,9:0:0,9:0:0,8:0:0,6:0:0,10:0:0,9:0:0,9:0:0,9:0:0,8:0:0,7:0:0,10:0:0,9:0:0,9:0:0,9:0:0,8:0:0,7:0:0"
2025-04-27,a5GTNEgvUR2AXfEz8txy,Gmf5EJeYYcnziVtqaF8s,,"10:9.214:1.742,10:7.501:5.633,10:-5.575:10.926,9:-13.981:4.699,9:21.512:-4.018,9:12.172:17.464,10:0.029:0.963,10:-4.018:0.341,10:5.322:6.256,9:23.691:-4.33,8:-2.15:28.361,7:37.39:23.38,10:-1.216:1.275,10:2.831:8.124,10:7.813:6.879,9:-0.905:15.596,8:32.098:-4.641,8:16.842:25.559,10:-5.575:5.322,10:8.124:5.322,9:9.058:-12.736,8:-21.765:15.285,8:23.38:-13.67,7:-5.575:38.013,10:1.275:-0.905,10:1.275:11.549,9:6.567:-19.274,9:17.464:9.058,7:-5.575:37.39,7:2.831:40.504,10:-4.174:-10.089,10:7.501:4.388,8:-13.047:25.871,8:9.992:28.673,6:-9.311:49.533,6:34.9:42.683,10:2.209:-4.641,10:0.341:-0.282,9:14.974:9.058,9:-4.018:21.512,7:-21.765:33.032,6:-1.528:49.844,10:0.963:-1.216,9:13.417:10.615,9:1.586:22.135,9:6.567:-17.717,8:27.739:-12.736,8:-13.981:24.937,10:0.652:7.501,10:-1.528:8.435,9:-11.491:12.483,9:20.889:5.011,8:-18.963:17.464,8:16.842:26.493,10:2.209:-4.018,10:0.341:-1.216,10:8.124:7.813,9:9.992:13.728,9:5.945:22.446,1:110.913:45.589,10:-4.267:7.252,9:21.512:-2.462,9:-4.952:23.069,8:26.493:-8.377,7:38.013:21.512,0:-139.343:61.23,10:-3.333:-0.531,10:-9.622:5.945,10:11.238:0.341,9:10.304:-10.556,8:-26.124:10.926,6:19.955:49.221"
2025-04-25,nIyJtAZhhBq0bOkmNz6G,2HFVJTIAJXeYY9xSuoRO,,"10:0:0,10:0:0,10:0:0,9:0:0,9:0:0,7:0:0,10:0:0,8:0:0,8:0:0,8:0:0,7:0:0,7:0:0,10:0:0,9:0:0,9:0:0,9:0:0,8:0:0,7:0:0,9:0:0,9:0:0,9:0:0,9:0:0,8:0:0,8:0:0,10:0:0,9:0:0,9:0:0,9:0:0,7:0:0,5:0:0,10:0:0,9:0:0,9:0:0,9:0:0,9:0:0,8:0:0"
2025-04-24,YsDf8wGhU5XmG0XbQxIw,xOcOFrdemlCQsQ3ZbS4U,,"10:0:0,10:0:0,9:0:0,9:0:0,9:0:0,9:0:0,10:0:0,10:0:0,9:0:0,9:0:0,8:0:0,7:0:0,10:0:0,10:0:0,10:0:0,10:0:0,9:0:0,9:0:0,9:0:0,9:0:0,9:0:0,9:0:0,9:0:0,8:0:0,10:0:0,10:0:0,10:0:0,8:0:0,8:0:0,7:0:0,10:0:0,9:0:0,9:0:0,8:0:0,7:0:0,6:0:0,10:0:0,10:0:0,10:0:0,9:0:0,7:0:0,6:0:0,10:0:0,10:0:0,9:0:0,9:0:0,9:0:0,7:0:0,10:0:0,10:0:0,9:0:0,8:0:0,8:0:0,8:0:0,10:0:0,10:0:0,9:0:0,9:0:0,7:0:0,7:0:0,10:0:0,9:0:0,9:0:0,8:0:0,7:0:0,7:0:0,10:0:0,10:0:0,9:0:0,9:0:0,9:0:0,5:0:0"
2025-04-21,n4wjtjguWZodqAWSDehe,91nTGM4dktcgHz15tyB4,,"6:49.066:12.327,8:-27.68:-9.622,10:-0.282:7.813,9:-12.425:10.615,9:14.662:8.435,9:15.908:-6.82,6:35.678:39.103,10:6.567:0.029,7:-24.256:-35.153,8:-27.058:6.256,8:20.267:-17.095,9:12.794:-14.293,7:10.926:40.504,10:-9.311:-2.462,9:-4.018:-16.472,8:-27.058:11.86,9:-6.82:-14.293,9:-14.915:-3.396,8:34.588:12.794,8:-27.058:20.267,10:-7.132:-7.754,8:-27.992:15.285,10:-2.462:-11.491,9:17.776:0.029,7:23.224:40.66,7:-41.691:-9,9:-13.047:7.501,6:-37.955:35.522,9:17.464:2.209,9:22.446:-1.528,8:5.166:30.385,7:-42.002:1.586,9:-17.717:-1.528,10:-11.179:-0.593,10:5.322:-9,9:22.135:1.897,8:-8.844:-27.525,8:30.852:5.011,10:-0.905:7.813,9:-13.67:19.955,9:-3.084:13.728,10:-9.934:-6.198,10:0.185:-6.042,9:1.897:-18.651,7:-40.445:3.765,9:9.37:11.549,8:4.388:25.559,10:-9:0.029,9:8.28:10.771,10:-9:0.963,9:-12.425:-9.622,9:-10.245:-10.556,9:-5.575:20.267,9:-20.519:3.143,9:18.087:9.992,10:9.37:7.501,9:-14.915:-14.293,10:-8.066:7.813,8:-21.454:20.889,8:-23.322:19.644,10:-5.419:-2.617,8:33.966:-9.622,8:-6.509:-27.058,9:-17.717:7.813,10:-5.264:7.19,9:2.831:14.662,9:-15.071:-3.863,8:29.295:2.831,7:-27.992:-29.86,10:-3.084:-7.443,9:7.501:17.776,9:-14.293:5.011,10:0.808:1.119,10:-2.462:-1.216,9:7.501:-12.736,9:8.435:-19.274,9:19.021:9.992,9:-22.699:-9.311,10:-1.061:1.119,9:6.256:-13.67,9:9.681:-14.915,9:20.889:-8.377,9:18.087:11.238,9:-13.981:8.747,10:7.875:7.564,10:-4.641:10.304,9:3.143:13.728,9:12.794:19.644,8:14.351:21.512,8:-1.839:28.05,10:-1.839:4.699,9:0.341:16.842,9:4.388:17.153,9:16.53:15.596,9:-13.981:2.831,9:-10.868:-23.633,10:-12.892:-1.061,9:-13.359:5.945,9:-15.227:18.398,8:8.747:28.673,8:-8.066:29.607,7:-33.285:28.05,10:-1.061:-2.929,10:3.143:0.341,10:-0.905:-9.311,10:8.435:-0.282,10:-3.396:11.86,8:30.23:19.644,9:-17.873:-5.419,8:-1.216:28.361,8:-12.736:27.427"
2025-03-27,rEWuQ8hSHY48NlK9TMXI,X2ALkkXOagQGie9sE3uY,,"10:0:0,10:0:0,10:0:0,9:0:0,9:0:0,9:0:0,9:0:0,9:0:0,8:0:0,8:0:0,8:0:0,5:0:0,10:0:0,10:0:0,10:0:0,10:0:0,9:0:0,9:0:0,9:0:0,9:0:0,8:0:0,8:0:0,8:0:0,8:0:0,10:0:0,10:0:0,10:0:0,10:0:0,9:0:0,9:0:0,9:0:0,9:0:0,8:0:0,8:0:0,8:0:0,7:0:0,10:0:0,9:0:0,9:0:0,9:0:0,9:0:0,9:0:0,9:0:0,9:0:0,8:0:0,8:0:0,7:0:0,7:0:0,10:0:0,10:0:0,10:0:0,10:0:0,10:0:0,9:0:0,9:0:0,9:0:0,9:0:0,9:0:0,9:0:0,9:0:0,10:0:0,10:0:0,9:0:0,9:0:0,9:0:0,9:0:0,9:0:0,8:0:0,8:0:0,8:0:0,7:0:0,6:0:0"
2025-03-27,DxeUJJY3TcicO3rOlaZ8,X2ALkkXOagQGie9sE3uY,,"10:-3.863:2.987,10:-0.282:7.813,10:-8.377:-7.132,9:8.435:-13.67,9:14.04:10.615,8:-8.377:24.003,10:6.256:5.322,9:2.831:18.087,9:3.765:19.644,9:-0.282:18.398,9:17.776:10.304,8:23.069:17.464,10:-0.282:-4.33,10:0.963:-7.754,10:-9:-1.839,9:9.681:14.974,8:-12.113:-28.614,7:38.947:-2.15,10:2.209:-0.282,10:-8.377:-9.934,10:-11.491:-6.509,9:-11.802:-16.472,9:19.644:6.879,9:-24.878:1.275,9:-19.274:14.351,9:-20.519:-9.934,8:-15.849:-21.454,8:3.143:-31.105,8:-24.256:18.71,7:35.211:20.578,10:0.963:-6.198,9:-9:10.926,9:-20.519:-0.282,9:12.483:-22.076,8:29.918:-18.651,8:13.417:25.559"
2025-03-23,fMbxaeg3bKt2IlAg8LkQ,vGwMFmWUMQofaGccqEpM,,"10:-0.749:1.43,10:-2.462:2.831,10:6.256:-7.132,9:-5.575:-19.897,8:15.285:26.182,7:-2.462:38.947,10:2.209:1.275,10:-6.509:-0.282,10:0.963:-12.736,9:16.219:4.077,9:-9.311:15.908,8:13.417:24.625,10:-2.773:-8.688,10:9.058:-5.264,10:9.37:1.586,9:4.388:-18.34,9:16.219:4.077,9:1.897:15.596,10:1.897:-0.282,9:-8.688:-13.359,9:12.483:-15.849,9:14.351:-9.934,9:4.699:17.776,8:-18.34:28.673,10:-1.528:3.765,10:-0.282:8.435,10:-7.132:5.322,10:7.813:-5.575,8:10.304:-24.878,7:-41.068:0.029,10:-1.528:3.454,9:11.86:-15.849,9:-9.622:-17.717,8:27.427:2.52,8:33.032:0.341,8:-28.614:-20.519,10:-3.707:-9.622,10:11.238:-3.396,10:-12.736:0.652,9:21.823:-11.491,8:19.955:-16.472,8:0.341:-37.332,10:0.029:3.454,10:8.435:-0.905,9:7.813:-16.472,9:16.842:-0.593,8:28.05:12.794,8:-27.992:-10.868,10:7.034:-6.976,10:5.945:3.765,10:-12.425:-2.773,8:9.058:24.314,8:26.493:20.267,7:-8.066:-44.182,9:0.963:-17.717,9:-5.575:-16.472,9:-18.963:0.963,8:3.454:-34.53,8:-1.839:28.361,7:28.984:34.9,10:4.077:-9.311,9:0.652:-20.208,8:18.71:-19.897,8:26.182:-19.585,8:-24.878:21.823,6:33.966:-42.002,9:7.657:-18.184,9:7.501:-15.538,9:17.776:9.681,9:-8.066:15.285,8:-25.501:5.322,8:-18.651:-25.812"
2025-03-22,l3wQSQkThIE5yzan744i,xrgYgV5NSf9lWesHFXon,,"10:0:0,10:0:0,10:0:0,9:0:0,8:0:0,7:0:0,10:0:0,9:0:0,9:0:0,9:0:0,8:0:0,8:0:0,10:0:0,9:0:0,9:0:0,9:0:0,8:0:0,8:0:0,10:0:0,10:0:0,9:0:0,9:0:0,9:0:0,8:0:0,10:0:0,10:0:0,10:0:0,9:0:0,9:0:0,9:0:0,10:0:0,10:0:0,8:0:0,8:0:0,7:0:0,6:0:0"
2025-03-22,DZs6bim5E8MWFyr75SCy,xrgYgV5NSf9lWesHFXon,,"10:0:0,10:0:0,9:0:0,9:0:0,9:0:0,8:0:0,10:0:0,10:0:0,10:0:0,9:0:0,9:0:0,8:0:0,10:0:0,10:0:0,9:0:0,9:0:0,8:0:0,6:0:0,9:0:0,9:0:0,9:0:0,9:0:0,8:0:0,8:0:0,10:0:0,10:0:0,9:0:0,9:0:0,9:0:0,9:0:0,10:0:0,10:0:0,9:0:0,9:0:0,9:0:0,8:0:0"
2025-03-21,mKuRPmkhOVbyoW63nZvC,EcTZUQ33ARTQZREFXonA,,"10:0:0,10:0:0,10:0:0,9:0:0,9:0:0,9:0:0,10:0:0,10:0:0,9:0:0,9:0:0,8:0:0,7:0:0,10:0:0,9:0:0,9:0:0,9:0:0,9:0:0,7:0:0,10:0:0,10:0:0,10:0:0,9:0:0,8:0:0,0:0:0,10:0:0,9:0:0,9:0:0,9:0:0,8:0:0,7:0:0,10:0:0,10:0:0,10:0:0,9:0:0,9:0:0,9:0:0"
2025-03-21,cvcrEqNpONMrtAC9YcUW,EcTZUQ33ARTQZREFXonA,,"9:0:0,9:0:0,9:0:0,9:0:0,9:0:0,9:0:0,10:0:0,9:0:0,9:0:0,9:0:0,9:0:0,8:0:0,10:0:0,9:0:0,9:0:0,9:0:0,9:0:0,8:0:0,9:0:0,8:0:0,8:0:0,7:0:0,7:0:0,7:0:0,10:0:0,10:0:0,10:0:0,9:0:0,8:0:0,7:0:0,10:0:0,9:0:0,8:0:0,8:0:0,8:0:0,7:0:0"
2025-03-15,iKzJD6YE5MTh9UbKogFO,8I0EmTi7J3osiNNEhkEW,Qualifications 30 Arrows,"9:0:0,9:0:0,9:0:0,10:0:0,10:0:0,10:0:0,8:0:0,9:0:0,8:0:0,10:0:0,9:0:0,10:0:0,10:0:0,10:0:0,10:0:0,9:0:0,10:0:0,10:0:0,10:0:0,10:0:0,10:0:0,10:0:0,10:0:0,10:0:0,10:0:0,9:0:0,10:0:0,10:0:0,10:0:0,10:0:0"
2025-03-14,RJLdytW3FWJsFm98sYKs,VqcT2QVmppM7h9vT9QcO,,"10:0:0,8:0:0,9:0:0,10:0:0,10:0:0,10:0:0,10:0:0,10:0:0,10:0:0,10:0:0,10:0:0,10:0:0,10:0:0,10:0:0,9:0:0,10:0:0,10:0:0,10:0:0,8:0:0,10:0:0,10:0:0,9:0:0,10:0:0,10:0:0,10:0:0,10:0:0,10:0:0,10:0:0,9:0:0,10:0:0,10:0:0,10:0:0,10:0:0,10:0:0,9:0:0,9:0:0,10:0:0,10:0:0,10:0:0,10:0:0,10:0:0,10:0:0,9:0:0,9:0:0,10:0:0,10:0:0,10:0:0,10:0:0,10:0:0,10:0:0,10:0:0,10:0:0,10:0:0,9:0:0,9:0:0,9:0:0,10:0:0,10:0:0,10:0:0,10:0:0"
2025-03-13,kBPkMwsghuI08RdVGoUC,U0ZLqdR69rIdBZDAvUuX,,"9:0:0,9:0:0,10:0:0,10:0:0,10:0:0,10:0:0,10:0:0,10:0:0,9:0:0,10:0:0,10:0:0,9:0:0,10:0:0,9:0:0,8:0:0"
2025-03-09,IsqwPO4ziqfRVn74AewV,ujpmbrkSfsYy8Ait3nbC,,"9:0:0,9:0:0,9:0:0,9:0:0,9:0:0,6:0:0,10:0:0,10:0:0,9:0:0,9:0:0,9:0:0,8:0:0,10:0:0,9:0:0,8:0:0,8:0:0,8:0:0,5:0:0,10:0:0,10:0:0,9:0:0,9:0:0,7:0:0,4:0:0,10:0:0,10:0:0,10:0:0,8:0:0,8:0:0,7:0:0,10:0:0,10:0:0,9:0:0,9:0:0,8:0:0,8:0:0,10:0:0,10:0:0,9:0:0,9:0:0,9:0:0,8:0:0,10:0:0,9:0:0,9:0:0,9:0:0,9:0:0,8:0:0,10:0:0,10:0:0,9:0:0,9:0:0,9:0:0,4:0:0,10:0:0,9:0:0,9:0:0,8:0:0,8:0:0,7:0:0,10:0:0,10:0:0,9:0:0,9:0:0,9:0:0,9:0:0,10:0:0,10:0:0,10:0:0,9:0:0,8:0:0,6:0:0,10:0:0,9:0:0,9:0:0,8:0:0,8:0:0,7:0:0,10:0:0,10:0:0,9:0:0,9:0:0,8:0:0,8:0:0,10:0:0,10:0:0,10:0:0,9:0:0,8:0:0,7:0:0,10:0:0,9:0:0,9:0:0,8:0:0,8:0:0,7:0:0,10:0:0,9:0:0,9:0:0,9:0:0,9:0:0,8:0:0,10:0:0,10:0:0,10:0:0,9:0:0,9:0:0,8:0:0,10:0:0,9:0:0,9:0:0,9:0:0,9:0:0,9:0:0,10:0:0,9:0:0,9:0:0,8:0:0,8:0:0,7:0:0,10:0:0,9:0:0,9:0:0,9:0:0,9:0:0,9:0:0,10:0:0,9:0:0,9:0:0,8:0:0,8:0:0,8:0:0,10:0:0,10:0:0,9:0:0,9:0:0,8:0:0,8:0:0,10:0:0,9:0:0,9:0:0,9:0:0,8:0:0,6:0:0"
2025-03-07,kFZWOCeX0p0acYx6Ikhl,bCUtJZpBVJ5KlUfzg58k,,"10:0:0,9:0:0,9:0:0,9:0:0,9:0:0,7:0:0,10:0:0,10:0:0,9:0:0,9:0:0,9:0:0,8:0:0,10:0:0,10:0:0,10:0:0,9:0:0,9:0:0,9:0:0,10:0:0,9:0:0,9:0:0,9:0:0,9:0:0,8:0:0,10:0:0,10:0:0,9:0:0,9:0:0,9:0:0,8:0:0,10:0:0,10:0:0,9:0:0,9:0:0,8:0:0,8:0:0"
2025-03-06,fwFTlZk3xIPCClAst0ez,g0Q3Sv2wtWhjKU6KCHjN,,"8:0:0,10:0:0,10:0:0,10:0:0,10:0:0,9:0:0,9:0:0,10:0:0,9:0:0,9:0:0,10:0:0,10:0:0,9:0:0,9:0:0,8:0:0"
2025-02-19,0phlhUYzjxGqbHFqgtOu,PnPeNEZUSXRwXRf37VOl,,"10:0:0,9:0:0,9:0:0,10:0:0,10:0:0,10:0:0,10:0:0,9:0:0,10:0:0,10:0:0,9:0:0,9:0:0,10:0:0,9:0:0,10:0:0,10:0:0,10:0:0,9:0:0,10:0:0,8:0:0,9:0:0,9:0:0,10:0:0,9:0:0,10:0:0,9:0:0,10:0:0,10:0:0,10:0:0,9:0:0,8:0:0,10:0:0,10:0:0,10:0:0,9:0:0,10:0:0,9:0:0,10:0:0,10:0:0,10:0:0,9:0:0,9:0:0,10:0:0,9:0:0,10:0:0,9:0:0,10:0:0,10:0:0,9:0:0,8:0:0,10:0:0,9:0:0,10:0:0,9:0:0,10:0:0,10:0:0,10:0:0,9:0:0,9:0:0,8:0:0"
2025-02-14,4R8SltEILLKd6W29nULD,PMdEKdp2pZPYVUYb8tQn,Qualifications IWS 5,"10:0:0,10:0:0,9:0:0,10:0:0,10:0:0,10:0:0,9:0:0,9:0:0,10:0:0,10:0:0,9:0:0,10:0:0,10:0:0,9:0:0,9:0:0,9:0:0,10:0:0,10:0:0,9:0:0,10:0:0,9:0:0,10:0:0,10:0:0,9:0:0,10:0:0,10:0:0,9:0:0,10:0:0,10:0:0,10:0:0,10:0:0,10:0:0,9:0:0,10:0:0,10:0:0,10:0:0,10:0:0,9:0:0,9:0:0,9:0:0,10:0:0,10:0:0,9:0:0,9:0:0,9:0:0,10:0:0,10:0:0,9:0:0,9:0:0,10:0:0,10:0:0,10:0:0,9:0:0,9:0:0,10:0:0,10:0:0,10:0:0,10:0:0,10:0:0,9:0:0"
2025-01-25,7EEkI8pXbzOlQaAwi1VD,lAvORR5iz7pFVsXWsRyf,,"10:0:0,10:0:0,10:0:0,9:0:0,10:0:0,9:0:0,9:0:0,9:0:0,10:0:0,10:0:0,9:0:0,9:0:0,9:0:0,10:0:0,10:0:0,10:0:0,9:0:0,10:0:0,10:0:0,10:0:0,8:0:0,10:0:0,9:0:0,10:0:0,9:0:0,9:0:0,9:0:0,9:0:0,10:0:0,10:0:0,10:0:0,10:0:0,10:0:0,9:0:0,8:0:0,10:0:0,9:0:0,10:0:0,10:0:0,10:0:0,10:0:0,10:0:0,9:0:0,9:0:0,10:0:0,9:0:0,10:0:0,9:0:0,9:0:0,10:0:0,10:0:0,9:0:0,9:0:0,10:0:0,9:0:0,8:0:0,9:0:0,10:0:0,9:0:0,9:0:0"
2025-01-25,QSKY1PrpFEA9OZB7KTM9,lAvORR5iz7pFVsXWsRyf,,"10:0:0,10:0:0,10:0:0,10:0:0,10:0:0,8:0:0,10:0:0,10:0:0,10:0:0,10:0:0,9:0:0,10:0:0,10:0:0,8:0:0,10:0:0,10:0:0,10:0:0,9:0:0,10:0:0,10:0:0,10:0:0,10:0:0,10:0:0,9:0:0,10:0:0,10:0:0,10:0:0,10:0:0,10:0:0,10:0:0,10:0:0,9:0:0,10:0:0,10:0:0,9:0:0,10:0:0,10:0:0,10:0:0,10:0:0,10:0:0,10:0:0,10:0:0,9:0:0,10:0:0,10:0:0,10:0:0,10:0:0,10:0:0,10:0:0,10:0:0,10:0:0,10:0:0,10:0:0,10:0:0,9:0:0,10:0:0,9:0:0,9:0:0,10:0:0,10:0:0"
2025-01-24,TgIHftMsofsfCSoHyR3J,YG2eYHNQOplQZCxBNSQ3,,"9:0:0,10:0:0,10:0:0,9:0:0,10:0:0,10:0:0,10:0:0,10:0:0,9:0:0,10:0:0,10:0:0,9:0:0,10:0:0,9:0:0,9:0:0,10:0:0,10:0:0,10:0:0,9:0:0,10:0:0,9:0:0,10:0:0,9:0:0,10:0:0,10:0:0,9:0:0,10:0:0,10:0:0,10:0:0,10:0:0,10:0:0,10:0:0,10:0:0,10:0:0,10:0:0,10:0:0,10:0:0,10:0:0,10:0:0,10:0:0,10:0:0,10:0:0,9:0:0,9:0:0,10:0:0,8:0:0,9:0:0,10:0:0,10:0:0,10:0:0,10:0:0,10:0:0,10:0:0,10:0:0,10:0:0,10:0:0,10:0:0,10:0:0,10:0:0,10:0:0,10:0:0,9:0:0,10:0:0,10:0:0,10:0:0,9:0:0,10:0:0,9:0:0,9:0:0,9:0:0,9:0:0,10:0:0,10:0:0,10:0:0,10:0:0,10:0:0,10:0:0,10:0:0,10:0:0,10:0:0,10:0:0,10:0:0,10:0:0,10:0:0,10:0:0,10:0:0,10:0:0,10:0:0,9:0:0,9:0:0,9:0:0,10:0:0,10:0:0,10:0:0,10:0:0,9:0:0,9:0:0,9:0:0,10:0:0,9:0:0,10:0:0,9:0:0,10:0:0,10:0:0,9:0:0,10:0:0,9:0:0,10:0:0,10:0:0,10:0:0,9:0:0,9:0:0,10:0:0,10:0:0,9:0:0,10:0:0,9:0:0,9:0:0,10:0:0,10:0:0"
2025-01-23,hIKhr9qFAkyg3uTO8IY9,9QBg4FEzMCOK29eErHUq,,"10:0:0,10:0:0,10:0:0,10:0:0,9:0:0,10:0:0,9:0:0,9:0:0,9:0:0,9:0:0,10:0:0,9:0:0,10:0:0,10:0:0,10:0:0,10:0:0,10:0:0,10:0:0,10:0:0,9:0:0,10:0:0,10:0:0,10:0:0,9:0:0,10:0:0,9:0:0,10:0:0,10:0:0,10:0:0,9:0:0,10:0:0,10:0:0,10:0:0,9:0:0,10:0:0,10:0:0,10:0:0,10:0:0,10:0:0,10:0:0,9:0:0,10:0:0,9:0:0,10:0:0,10:0:0,10:0:0,10:0:0,10:0:0,10:0:0,9:0:0,9:0:0,9:0:0,10:0:0,8:0:0,9:0:0,10:0:0,10:0:0,10:0:0,10:0:0,10:0:0"
2025-01-21,E8OFPAeqSqWk8W1QsIIB,Wp5jnjSQG2tSdrTaPKoD,,"10:0:0,10:0:0,10:0:0,10:0:0,9:0:0,10:0:0,10:0:0,10:0:0,10:0:0,8:0:0,10:0:0,10:0:0,10:0:0,8:0:0,9:0:0,10:0:0,10:0:0,10:0:0,9:0:0,10:0:0,10:0:0,9:0:0,9:0:0,9:0:0,10:0:0,10:0:0,9:0:0,10:0:0,9:0:0,10:0:0,10:0:0,10:0:0,10:0:0,10:0:0,10:0:0,10:0:0,10:0:0,9:0:0,10:0:0,9:0:0,9:0:0,10:0:0,10:0:0,10:0:0,10:0:0,10:0:0,9:0:0,8:0:0,10:0:0,9:0:0,10:0:0,10:0:0,10:0:0,10:0:0,10:0:0,9:0:0,9:0:0,10:0:0,10:0:0,10:0:0"
2024-12-11,ypq7i4c1Dtl3GFygnwI0,vRMpoYEx3IHGVIFEuOHK,,"10:0:0,10:0:0,10:0:0,10:0:0,9:0:0,10:0:0,10:0:0,10:0:0,10:0:0,10:0:0,10:0:0,10:0:0,10:0:0,9:0:0,9:0:0,9:0:0,10:0:0,10:0:0,9:0:0,10:0:0,9:0:0,10:0:0,10:0:0,8:0:0,10:0:0,10:0:0,10:0:0,10:0:0,10:0:0,10:0:0,10:0:0,9:0:0,10:0:0,10:0:0,10:0:0,10:0:0,9:0:0,10:0:0,10:0:0,10:0:0,10:0:0,10:0:0,9:0:0,10:0:0,10:0:0,10:0:0,9:0:0,10:0:0,10:0:0,10:0:0,10:0:0,9:0:0,10:0:0,10:0:0,9:0:0,9:0:0,9:0:0,10:0:0,9:0:0,9:0:0"
2024-12-09,4fEf7OdbvlK8AsNDqQbX,XLGlHkIPmPz29wpwjyIe,,"10:0:0,10:0:0,10:0:0,10:0:0,10:0:0,10:0:0,10:0:0,9:0:0,10:0:0,10:0:0,10:0:0,10:0:0,9:0:0,9:0:0,10:0:0,10:0:0,9:0:0,10:0:0,10:0:0,10:0:0,10:0:0,10:0:0,10:0:0,10:0:0,9:0:0,9:0:0,10:0:0,10:0:0,10:0:0,10:0:0,9:0:0,9:0:0,10:0:0,10:0:0,10:0:0,9:0:0,10:0:0,10:0:0,10:0:0,9:0:0,10:0:0,9:0:0,9:0:0,9:0:0,10:0:0,10:0:0,10:0:0,10:0:0,10:0:0,10:0:0,10:0:0,9:0:0,10:0:0,10:0:0,10:0:0,9:0:0,9:0:0,9:0:0,10:0:0,9:0:0"
2024-12-06,k4HNRB9PCOZ9hsTlLRUF,db041mfNWadwmEXKEhuO,Qualifications,"8:0:0,10:0:0,10:0:0,8:0:0,10:0:0,10:0:0,10:0:0,9:0:0,10:0:0,10:0:0,10:0:0,10:0:0,10:0:0,10:0:0,10:0:0,10:0:0,10:0:0,10:0:0,9:0:0,10:0:0,10:0:0,9:0:0,10:0:0,9:0:0,10:0:0,10:0:0,10:0:0,10:0:0,10:0:0,10:0:0,10:0:0,10:0:0,9:0:0,10:0:0,8:0:0,6:0:0,10:0:0,10:0:0,10:0:0,10:0:0,10:0:0,10:0:0,10:0:0,9:0:0,9:0:0,10:0:0,9:0:0,10:0:0,9:0:0,10:0:0,10:0:0,9:0:0,10:0:0,10:0:0,10:0:0,10:0:0,10:0:0,10:0:0,10:0:0,10:0:0"
2024-11-30,lLCRk6syQuA6AWrq0viG,BuzN0dc4WOSkf33axl5Y,Qualifications ,"10:0:0,10:0:0,9:0:0,9:0:0,10:0:0,10:0:0,9:0:0,10:0:0,10:0:0,9:0:0,10:0:0,9:0:0,10:0:0,10:0:0,10:0:0,8:0:0,10:0:0,10:0:0,9:0:0,9:0:0,9:0:0,10:0:0,9:0:0,9:0:0,10:0:0,10:0:0,9:0:0,10:0:0,10:0:0,10:0:0,10:0:0,10:0:0,9:0:0,9:0:0,10:0:0,10:0:0,10:0:0,10:0:0,10:0:0,10:0:0,10:0:0,10:0:0,10:0:0,10:0:0,10:0:0,9:0:0,10:0:0,9:0:0,10:0:0,10:0:0,10:0:0,10:0:0,10:0:0,10:0:0,10:0:0,9:0:0,10:0:0,10:0:0,10:0:0,9:0:0"
2024-11-15,ejD7SkGDhhHlxwpCTSk5,8huVuysYH2cVt73WKIAR,Qualifications,"9:0:0,9:0:0,10:0:0,9:0:0,9:0:0,9:0:0,9:0:0,10:0:0,10:0:0,10:0:0,10:0:0,10:0:0,10:0:0,10:0:0,10:0:0,9:0:0,10:0:0,9:0:0,10:0:0,10:0:0,10:0:0,10:0:0,10:0:0,10:0:0,10:0:0,10:0:0,9:0:0,10:0:0,10:0:0,10:0:0,10:0:0,10:0:0,10:0:0,10:0:0,10:0:0,10:0:0,10:0:0,10:0:0,10:0:0,10:0:0,9:0:0,10:0:0,9:0:0,9:0:0,10:0:0,10:0:0,10:0:0,8:0:0,9:0:0,10:0:0,10:0:0,10:0:0,9:0:0,9:0:0,10:0:0,10:0:0,10:0:0,10:0:0,9:0:0,7:0:0"
2024-10-10,146DxG0ChGX0nTm8CjX2,u3vsHM6znHSI6YOhQ8zH,,"10:0:0,10:0:0,10:0:0,9:0:0,8:0:0,10:0:0,10:0:0,9:0:0,10:0:0,10:0:0,9:0:0,8:0:0,10:0:0,8:0:0,9:0:0,10:0:0,10:0:0,10:0:0,10:0:0,10:0:0,10:0:0,8:0:0,10:0:0,10:0:0,10:0:0,9:0:0,10:0:0,10:0:0,10:0:0,10:0:0,10:0:0,10:0:0,10:0:0,9:0:0,10:0:0,10:0:0,10:0:0,9:0:0,10:0:0,10:0:0,9:0:0,10:0:0,10:0:0,10:0:0,10:0:0,10:0:0,9:0:0,10:0:0,10:0:0,10:0:0,10:0:0,10:0:0,10:0:0,9:0:0,10:0:0,9:0:0,10:0:0,10:0:0,9:0:0,10:0:0"
2024-09-22,yqm2HafPaRlbm45fhw4y,3Gzifm7ZgzVF8wnH6czg,,"10:0:0,10:0:0,10:0:0,10:0:0,9:0:0,9:0:0,10:0:0,9:0:0,10:0:0,9:0:0,9:0:0,10:0:0,10:0:0,9:0:0,10:0:0,9:0:0,10:0:0,9:0:0,10:0:0,10:0:0,10:0:0,9:0:0,10:0:0,9:0:0,10:0:0,10:0:0,9:0:0,10:0:0,9:0:0,10:0:0,10:0:0,10:0:0,10:0:0,10:0:0,10:0:0,9:0:0,9:0:0,10:0:0,9:0:0,10:0:0,9:0:0,10:0:0,10:0:0,10:0:0,10:0:0,10:0:0,10:0:0,9:0:0,9:0:0,10:0:0,9:0:0,10:0:0,10:0:0,10:0:0,10:0:0,10:0:0,9:0:0,10:0:0,10:0:0,10:0:0"
2024-09-22,ErNRqXpb4N7fzxlwW33I,3Gzifm7ZgzVF8wnH6czg,,"9:0:0,10:0:0,9:0:0,10:0:0,10:0:0,10:0:0,10:0:0,10:0:0,9:0:0,10:0:0,10:0:0,9:0:0,10:0:0,10:0:0,10:0:0,10:0:0,10:0:0,8:0:0,10:0:0,10:0:0,9:0:0,10:0:0,8:0:0,10:0:0,10:0:0,10:0:0,10:0:0,10:0:0,10:0:0,10:0:0,10:0:0,9:0:0,9:0:0,10:0:0,10:0:0,10:0:0,9:0:0,10:0:0,9:0:0,10:0:0,10:0:0,10:0:0,10:0:0,10:0:0,9:0:0,10:0:0,10:0:0,10:0:0,10:0:0,10:0:0,10:0:0,10:0:0,10:0:0,10:0:0,10:0:0,10:0:0,10:0:0,10:0:0,10:0:0,10:0:0"
2024-09-14,j5CX6HwtIKvQpahKoRCo,76SR0uRFqy969ue2cVZJ,,"10:0:0,9:0:0,9:0:0,8:0:0,8:0:0,7:0:0,10:0:0,9:0:0,9:0:0,9:0:0,8:0:0,8:0:0,10:0:0,9:0:0,9:0:0,9:0:0,8:0:0,8:0:0,10:0:0,10:0:0,9:0:0,8:0:0,8:0:0,7:0:0,10:0:0,9:0:0,9:0:0,9:0:0,8:0:0,7:0:0,10:0:0,10:0:0,9:0:0,9:0:0,9:0:0,8:0:0,10:0:0,10:0:0,9:0:0,9:0:0,9:0:0,8:0:0,10:0:0,10:0:0,10:0:0,10:0:0,9:0:0,8:0:0,10:0:0,10:0:0,9:0:0,8:0:0,8:0:0,8:0:0,10:0:0,10:0:0,9:0:0,9:0:0,8:0:0,6:0:0,10:0:0,9:0:0,9:0:0,9:0:0,9:0:0,8:0:0,10:0:0,10:0:0,10:0:0,8:0:0,8:0:0,8:0:0"
2024-09-12,bAg1nQ50syeDGZ2dRHTP,ZXQvT0nGj1TRw438lqDt,,"10:0:0,10:0:0,9:0:0,8:0:0,8:0:0,8:0:0,10:0:0,10:0:0,10:0:0,9:0:0,9:0:0,9:0:0,10:0:0,9:0:0,9:0:0,9:0:0,7:0:0,7:0:0,10:0:0,10:0:0,9:0:0,7:0:0,7:0:0,7:0:0,10:0:0,9:0:0,9:0:0,8:0:0,7:0:0,5:0:0,10:0:0,10:0:0,10:0:0,9:0:0,9:0:0,8:0:0,10:0:0,10:0:0,9:0:0,8:0:0,7:0:0,7:0:0,10:0:0,10:0:0,9:0:0,9:0:0,8:0:0,8:0:0,10:0:0,10:0:0,9:0:0,9:0:0,8:0:0,6:0:0,10:0:0,9:0:0,9:0:0,9:0:0,8:0:0,7:0:0,9:0:0,9:0:0,8:0:0,8:0:0,8:0:0,5:0:0,9:0:0,9:0:0,9:0:0,8:0:0,8:0:0,8:0:0"
2024-09-08,44uMLleaOKFoENA9Y0VN,RZpICNFnxUqR5o32rBg6,,"10:-1.154:-12.051,10:-7.443:-9.934,9:-17.717:0.341,9:-17.717:10.926,8:9.37:25.559,7:31.475:-27.058,10:-5.575:-7.132,9:-0.282:-15.538,9:3.143:12.794,8:28.361:4.699,7:-39.823:10.615,7:-40.134:18.71,10:-5.886:1.897,10:-6.509:4.077,10:2.52:-11.802,9:12.172:-18.651,9:-18.963:5.633,8:-27.058:12.483,10:7.19:0.341,9:12.172:-7.132,9:13.417:-17.095,8:26.182:1.275,8:-26.746:1.897,8:-31.417:8.747,10:-2.462:2.209,10:2.209:1.897,10:-5.886:-10.556,9:7.501:14.04,7:38.636:-27.992,7:26.182:30.541,10:5.384:6.941,10:-9.934:-0.282,9:10.304:-19.585,8:28.673:-2.15,8:-12.425:28.361,8:-32.973:-0.282,10:-10.806:-1.777,9:-7.443:-17.406,9:-14.293:5.633,9:-9.622:16.219,8:1.275:-31.728,8:-28.614:1.586,10:2.209:-10.556,9:12.172:-17.095,9:-14.915:8.747,9:-9.311:17.776,9:-20.208:15.285,8:-14.604:23.38,10:8.435:1.897,10:8.124:-2.773,10:-0.593:-9.311,9:19.955:-11.802,9:-13.67:11.549,8:-8.066:-29.86,9:12.857:3.516,9:16.53:-0.282,9:21.201:-2.462,9:12.172:-14.915,9:-8.377:-18.963,9:-15.227:-0.593,10:0.029:-9.622,10:-0.593:7.19,9:-9.622:13.106,9:-18.34:16.219,8:-11.491:27.739,8:21.512:16.53,10:-4.018:4.388,10:-7.754:-8.688,10:4.699:8.124,9:21.823:-9.622,9:3.143:19.955,7:-27.992:27.427"
2024-09-08,9KORqp8Yx19PcaO6PGia,RZpICNFnxUqR5o32rBg6,,"10:-5.886:6.879,10:-10.868:-2.15,9:14.04:7.813,9:-17.406:-3.084,9:-23.944:-4.33,8:-18.34:27.739,10:5.011:-8.066,9:-9:18.398,9:4.388:20.267,9:-10.556:-21.454,8:-1.216:29.918,8:26.182:4.699,10:-5.575:5.945,9:7.813:-14.293,9:15.285:8.747,9:-16.783:10.615,9:-23.01:4.077,8:-28.614:19.644,10:9.432:-3.956,9:13.417:0.029,9:5.633:13.417,9:-15.849:-2.15,9:-13.981:14.04,7:-31.417:22.757,10:-0.593:2.209,9:2.209:-20.208,9:5.011:-18.029,9:17.153:0.029,9:9.681:11.86,8:-20.208:19.955,10:0.341:2.52,10:-6.509:-1.216,9:0.029:15.596,9:13.106:-16.161,9:2.831:20.578,8:-27.68:9.681,10:-2.399:0.714,10:9.058:0.341,9:7.19:12.483,9:-5.886:-24.256,9:-24.878:-1.839,8:-25.19:-9,10:4.388:0.963,10:-4.641:1.897,10:6.256:-6.198,10:5.945:4.388,9:-23.01:0.963,8:-30.794:-2.15,10:1.586:8.435,10:8.435:3.143,10:-9.622:-3.396,9:-14.293:-1.216,9:5.945:-23.944,8:-27.058:7.813,10:-4.33:-0.282,10:-3.707:7.19,10:-2.773:8.747,10:2.52:7.501,9:-12.425:-13.981,9:-15.849:11.549,10:-9:8.124,9:8.124:-15.538,9:14.974:-2.462,9:-4.018:19.332,9:-20.519:2.831,8:-24.256:-24.256,10:-0.22:10.677,10:-9:-0.593,9:-2.15:13.728,9:-17.717:-12.113,9:10.615:-20.831,8:0.652:-34.53"
2024-08-20,D9r2X2DuPMqKtSOTcwHH,Y35qDbG4KsdcOFB7cz1H,,"10:0:0,9:0:0,9:0:0,9:0:0,9:0:0,9:0:0,9:0:0,9:0:0,8:0:0,10:0:0,9:0:0,9:0:0,9:0:0,9:0:0,9:0:0,9:0:0,9:0:0,8:0:0,10:0:0,10:0:0,10:0:0,9:0:0,9:0:0,9:0:0,9:0:0,7:0:0,7:0:0,10:0:0,10:0:0,10:0:0,10:0:0,10:0:0,9:0:0,9:0:0,9:0:0,8:0:0,10:0:0,10:0:0,10:0:0,10:0:0,9:0:0,9:0:0,9:0:0,8:0:0,7:0:0,10:0:0,10:0:0,10:0:0,10:0:0,10:0:0,9:0:0,9:0:0,9:0:0,8:0:0,10:0:0,10:0:0,10:0:0,10:0:0,9:0:0,9:0:0,9:0:0,8:0:0,8:0:0,10:0:0,10:0:0,10:0:0,9:0:0,8:0:0,8:0:0,8:0:0,8:0:0,7:0:0"
2024-08-14,vuVCN4xBfLTQOgfnLpSb,ZtOmZ07pQAHXRBPSrCUS,,"10:4.762:-0.843,10:-3.707:-3.396,10:-3.707:7.501,10:-9.622:-0.905,9:3.454:-17.406,9:3.765:-19.274,8:6.567:-31.105,8:19.955:-20.208,8:-25.812:25.559,10:5.322:0.029,10:9.058:-1.839,10:-1.839:-12.736,10:-2.773:7.813,9:13.728:0.029,9:-10.245:11.86,8:-26.746:4.388,8:-28.303:13.417,8:28.984:14.04,10:4.077:-2.462,10:-3.396:-0.905,10:3.454:6.256,10:3.454:8.747,9:-15.538:-16.161,9:13.728:3.765,8:0.029:29.918,8:-19.585:22.446,7:6.567:-38.266,10:-6.198:-1.216,10:-5.575:6.567,10:-10.556:-0.593,10:-8.688:-10.245,9:11.86:11.238,9:-1.216:19.021,8:6.879:-30.171,8:-19.585:27.739,8:-27.68:24.937,10:3.516:-2.711,10:-5.575:-2.462,10:1.275:-9.311,10:-2.462:-12.736,9:-0.282:14.351,9:12.794:15.285,8:17.464:-28.614,8:-27.058:14.04,8:-29.237:16.53,10:-8.066:-4.33,9:10.304:-19.585,9:14.974:0.652,8:-8.377:-25.19,8:17.153:-20.519,8:-17.095:-27.992,8:-26.746:0.652,8:-0.905:31.164,6:7.501:52.024,10:-8.315:-4.89,10:-9.311:3.765,10:5.633:-2.773,10:8.124:4.388,10:11.86:0.029,9:12.172:11.238,8:18.71:19.644,8:11.238:-23.633,8:-33.285:-6.509,10:-2.399:7.252,10:-7.754:7.501,9:8.747:10.615,9:19.644:-8.066,9:-21.142:7.501,8:26.805:-12.736,8:-17.095:23.38,8:-26.746:17.776,7:-23.633:29.607"
2024-07-03,7fhE0RYz1dC6e3F7Zlus,eBcYvgEG3WO2olRtZrdT,,"10:5.073:-10.183,9:11.549:-11.802,8:-19.274:23.38,8:-22.388:23.691,8:17.153:32.098,7:24.625:29.918,9:-7.443:-14.293,9:15.285:-2.462,9:11.238:14.04,8:17.776:23.069,7:32.098:21.512,6:52.335:-25.501,10:-12.736:0.652,9:-22.699:-2.462,9:-21.454:8.435,9:7.813:-22.699,9:20.267:12.483,9:21.512:-4.952,9:-0.282:-14.604,9:-9.311:-12.425,9:6.879:13.106,9:13.106:4.388,9:-0.282:23.691,8:-7.443:24.314,10:1.586:1.275,10:5.945:5.633,10:-10.868:-0.593,9:-8.377:16.842,9:16.219:-3.396,7:30.23:-28.614,10:-2.15:-11.179,10:-10.868:-6.509,9:-8.688:-14.293,9:17.464:-6.509,9:-0.905:14.662,7:33.654:20.578,10:-8.003:0.403,8:-29.237:3.765,8:-24.567:22.757,8:14.974:24.937,6:26.493:51.09,8:-7.132:-32.039,10:0.963:-5.886,10:-7.132:-7.754,10:7.501:2.831,9:-2.462:20.267,9:-20.208:3.765,8:-6.198:-27.058,10:-0.905:5.011,10:-0.593:3.143,9:-4.33:-14.293,8:-20.831:-29.237,8:-23.944:-18.34,8:7.813:26.805,10:-7.754:9.681,9:-14.293:-9.622,9:-18.963:-8.688,8:-26.746:-6.509,8:-27.058:-1.528,9:20.889:-8.066,10:-2.462:-10.556,9:-8.066:-12.425,9:5.633:-17.717,9:16.842:-11.802,9:-22.388:-11.802,7:-37.643:14.351,9:-0.282:-16.161,9:5.945:-17.717,9:11.86:-18.029,8:9.681:-25.501,7:40.193:-9.311,6:50.778:-11.179"
2024-07-02,cSFFZPC3JiMQK6cJsUJY,x35nWasvFdn4wgnvCqKz,,"10:10.054:1.648,9:13.106:1.897,9:18.71:7.813,9:5.945:17.776,9:7.501:-17.095,8:7.813:-25.19,10:8.435:-2.15,10:-11.491:-3.396,9:0.652:-14.293,9:14.974:-11.491,8:-34.841:-7.754,8:24.625:19.644,10:-0.282:-3.084,10:1.897:-12.425,9:-0.905:13.728,9:10.926:14.04,9:16.219:7.501,8:-27.058:8.435,10:-1.216:9.681,10:1.586:8.747,9:-1.839:14.662,9:-20.208:-10.868,8:-16.783:20.578,7:-35.775:21.823,10:-7.443:10.304,9:-15.849:1.897,9:-21.142:9.37,9:17.464:-1.528,8:-20.208:19.955,7:35.834:28.361,10:8.124:-3.396,10:9.058:2.52,10:0.029:7.813,8:-24.878:-17.717,7:-39.2:-6.509,7:29.295:26.182,10:5.073:1.648,9:-12.425:-12.425,9:-10.868:11.86,9:9.37:-13.359,9:15.285:-0.593,8:-28.303:1.586,10:-3.084:-9.934,10:2.831:-10.245,10:8.124:1.275,10:-6.198:6.256,9:7.501:13.728,9:19.332:-5.886,10:-0.282:1.586,10:-8.066:1.897,10:-4.018:-11.802,9:14.662:0.029,9:24.003:1.275,8:27.739:-5.264,10:-2.773:-6.198,9:-0.282:14.974,9:-18.029:12.794,9:-19.585:-0.905,9:-14.604:-6.82,8:26.805:5.322,10:-4.33:-7.754,10:3.765:-8.688,9:16.219:-7.754,9:-14.604:2.209,9:-19.585:5.945,8:-6.198:24.625,10:-5.513:-10.494,10:-6.509:6.256,9:-0.282:15.285,8:-26.124:3.143,8:16.219:-23.633,7:17.153:34.277"
2024-06-26,jgPH0tr4JRIuBrjwa9Vw,IKQBvtwTJNV4eMzD4Npv,,"10:6.63:-8.938,9:-10.245:17.776,8:27.739:-9.311,7:39.258:-23.944,7:28.673:30.541,7:9.37:41.438,10:-1.777:-0.531,10:9.058:-5.575,9:12.483:3.143,9:-18.029:-0.593,8:-24.567:24.003,8:22.757:18.087,10:-2.462:-10.868,10:-9:4.077,9:-22.325:-7.069,9:-1.528:-23.01,8:4.077:-30.482,8:-30.794:3.454,10:-0.593:-9.311,10:-4.641:3.454,10:-9.311:-4.018,9:-16.783:-10.556,9:-16.161:1.275,9:14.351:10.615,10:0.029:-8.688,9:-12.736:-15.849,9:16.842:1.275,8:18.398:-19.897,8:13.106:29.295,7:36.768:10.926,10:-9:-1.839,10:7.19:-6.198,10:7.19:-3.707,10:9.992:2.209,9:19.332:9.058,8:25.871:0.029,10:-5.014:-10.535,10:0.403:-10.183,10:-3.084:0.341,9:-0.593:14.04,9:-21.765:1.275,8:18.71:-23.01,9:14.04:-3.707,9:20.889:1.897,9:5.322:-15.538,9:-11.491:11.86,8:22.135:-26.124,8:-28.303:-9.934,10:-12.736:2.831,9:-16.472:2.209,9:17.776:-11.802,9:-14.293:-6.198,9:-9.934:-13.67,9:-18.651:-15.227,10:-9.622:-1.528,9:-14.604:-14.293,9:-18.651:-2.462,9:10.615:-17.095,9:8.124:12.172,8:31.475:-18.963,10:0.652:-6.198,10:-8.066:-9,9:8.747:13.728,9:5.633:20.578,8:16.53:-22.076,8:14.662:-25.812,10:-3.707:-8.688,9:9.37:-22.076,8:-24.256:-14.915,8:26.805:14.974,7:-34.841:-16.783,7:41.749:-0.905"
2024-06-05,l8txznGilTiDYZymw2D0,2Qm8KmQSi9h6uxTFNMH7,,"10:7.813:-8.688,10:9.681:-5.575,9:-13.359:14.351,9:1.586:18.71,8:22.757:18.087,9:14.04:-9,10:-0.282:-5.264,10:-2.773:-5.575,10:-6.509:-0.282,10:0.091:-8.626,10:-2.773:-8.377,10:-7.754:1.275,10:5.633:1.275,9:-13.67:10.926,9:17.153:0.029,8:27.739:2.52,8:10.615:23.38,8:-18.651:30.852,10:-8.066:-4.33,9:-15.538:-14.915,9:12.172:13.106,8:33.343:-2.773,8:33.654:5.322,7:-37.332:8.435,10:-4.33:-4.018,9:14.662:0.341,9:-9.311:9.681,9:8.435:15.285,9:-17.406:-1.528,7:-38.266:-4.641,10:-0.282:-1.839,10:7.813:-4.641,9:12.794:-7.754,8:31.164:-1.216,8:30.541:-17.095,7:-37.955:-14.293,9:-16.161:12.794,8:-10.556:-26.124,8:-20.831:-24.878,8:-24.567:-17.095,8:12.483:-26.124,7:-0.282:-41.068,10:-8.377:4.077,9:-9:-15.227,9:17.153:-15.227,9:-4.018:21.512,9:-12.113:12.794,8:-36.709:-0.905,10:10.926:-2.15,10:-5.575:-10.868,9:9.681:17.464,8:18.398:22.135,8:24.314:-23.944,8:-12.736:32.72,10:-2.773:5.011,10:0.963:5.011,9:4.699:13.106,9:0.029:-16.783,8:12.172:26.182,8:-3.396:-29.86,10:-0.282:-2.15,9:-0.593:-15.849,9:3.454:-18.34,9:-9.311:14.974,8:-32.039:-4.018,7:14.351:-36.087,9:13.106:11.238,9:-0.282:17.153,9:-13.981:-20.208,8:15.596:-26.435,8:21.823:-25.812,6:22.446:47.665"
2024-05-29,UKfGuIjYt0TKVnlxvwl9,lPleGZik8oHw6f2bzKF0,,"9:-5.824:17.215,8:5.945:-30.171,8:29.918:0.652,8:30.541:6.256,8:4.699:28.673,7:39.57:-2.462,10:0.029:1.275,10:-8.688:-8.377,9:-7.754:-14.293,9:12.172:-11.802,9:15.908:18.087,8:-21.454:-17.406,10:-1.465:1.96,10:-0.282:8.747,9:-6.198:-17.406,8:5.945:24.937,8:-0.593:33.343,8:-21.454:-17.406,10:-0.282:-1.528,10:-2.462:3.454,10:6.567:-6.198,9:-0.905:-20.208,9:-5.886:-15.849,9:15.285:14.04,10:4.388:-6.509,10:-1.839:-12.425,9:-3.396:-19.274,9:-20.831:-3.707,9:15.285:-9.311,9:8.747:12.483,10:-2.15:-4.018,10:-0.593:-3.396,10:3.143:-7.754,9:3.454:-14.604,9:-3.084:-19.897,8:-25.19:8.435,10:1.648:1.025,10:-10.245:3.765,9:-0.905:-14.604,9:-14.604:4.077,9:14.351:3.143,8:-22.388:29.607,10:1.586:-2.773,10:8.435:-4.641,9:-4.952:22.446,9:-17.717:12.172,8:21.512:14.04,8:1.897:32.409,10:-4.018:-4.952,10:0.341:6.879,10:-9.934:-4.33,9:14.04:-5.886,8:15.908:-24.567,6:25.559:49.844,10:1.275:-0.593,10:-0.282:7.19,10:9.058:-4.018,9:9.681:19.021,8:17.776:-24.256,7:-22.699:33.966,10:7.501:-7.754,9:-11.802:-7.443,9:5.322:14.04,9:-18.963:8.435,8:-2.773:-26.124,8:-13.047:26.182,10:-1.528:-0.593,10:-3.396:0.029,10:-9:-5.575,9:5.945:11.549,8:-29.86:2.831,7:11.238:-43.87"
2024-05-25,IgO8fpoIk8uTKokjhZwm,lnzs87KanZeK4bpi7qq8,,"10:-3.645:-7.069,10:-0.282:9.992,10:2.831:9.37,10:7.19:-0.905,9:12.794:-8.066,9:-12.113:-8.066,10:6.256:-5.886,10:-7.132:4.699,9:-14.604:6.256,9:-0.593:20.267,8:-5.886:-28.926,8:-27.992:-17.095,10:0.963:0.963,10:-9.311:2.209,9:17.153:-2.15,9:22.757:1.897,9:22.757:3.765,8:-24.567:23.38,9:-16.161:0.652,9:-2.15:-18.651,8:-6.509:-26.746,8:-15.849:-25.19,8:-31.417:-19.897,7:-22.388:41.749,10:-1.216:-4.33,10:9.681:-7.132,9:-11.802:-14.604,9:3.765:15.285,8:-21.142:15.596,7:-38.577:2.831,10:-2.773:-0.593,10:9.992:-6.198,10:-9:-2.462,8:-18.963:23.38,8:-29.548:0.341,7:-41.691:1.275"
2024-05-19,vDJ52rkuQqGxF8mPzIFw,Qcqd5d6IOPaAG4YLcsrG,,"10:-0.531:-9.872,10:-7.754:-4.33,10:-9:-6.198,9:-18.34:-10.245,9:-19.585:-9.622,9:-19.585:-9,9:-19.897:-14.293,9:-22.699:-9.934,9:-22.076:-8.066,9:-12.113:10.304,8:-27.992:10.304,7:-44.182:15.285,10:-2.15:3.143,10:-3.084:-0.593,10:3.454:-0.593,10:7.813:-0.593,10:-7.754:0.652,10:-4.33:8.124,9:8.124:10.615,9:-15.227:-5.264,9:-21.454:13.106,8:32.72:-10.245,8:-11.179:34.588,7:-11.802:35.834,10:-10.494:-4.89,10:6.567:-11.179,10:-13.359:0.652,9:-14.604:0.652,9:-17.717:5.011,9:-23.322:-4.952,9:0.652:23.069,8:-27.058:1.275,8:21.823:-17.717,8:18.398:27.116,7:-28.926:27.427,7:-26.746:34.588,10:-3.396:-0.905,10:-1.216:1.586,10:-7.754:5.945,10:-2.462:11.549,10:3.765:7.19,10:5.322:-8.688,9:6.567:-16.783,9:-16.472:3.454,9:11.549:13.106,8:-28.303:-13.359,8:-0.593:28.05,8:21.823:16.53,10:-7.692:5.073,10:11.86:0.029,9:4.077:12.794,9:-5.575:14.662,9:-13.67:20.889,9:9.058:20.889,8:21.512:14.974,8:19.955:-18.651,8:8.124:-28.926,7:12.483:-37.332,7:-47.295:-3.084,7:16.53:37.079,10:5.322:-1.216,10:5.322:-5.575,10:-7.754:-9.934,10:0.029:6.879,9:19.021:5.322,9:22.446:-1.216,9:5.011:18.71,9:2.52:18.71,9:-8.377:14.04,9:-20.519:7.813,8:-2.773:27.739,8:-29.86:15.908"
2024-05-11,MDYpsiQciRP1kK6TADQz,hOV72gOH00UOPby1ONdA,,"10:10.366:-1.154,10:8.747:-4.641,9:14.04:0.029,9:13.417:1.897,9:9.681:-13.67,9:10.615:-19.274,9:-23.944:0.963,8:-27.369:20.267,7:-1.216:38.636,10:1.586:4.699,10:6.567:9.681,10:-9:-6.509,9:-0.905:17.464,9:-13.981:12.172,9:-15.538:-7.443,9:-19.897:-6.509,9:19.955:4.388,9:22.757:-4.33,10:0.963:-11.179,10:1.586:-8.688,10:1.275:-6.198,10:8.747:1.586,9:16.53:3.454,9:-5.575:23.38,8:26.182:1.275,8:6.567:26.182,8:-31.105:19.955,10:0.029:7.813,10:0.029:9.37,10:-8.377:-6.509,10:-7.132:-4.952,10:9.058:2.831,9:17.153:2.209,8:32.409:3.765,8:-23.944:16.53,8:-22.076:22.757,10:10.615:0.341,9:13.417:0.652,9:-9.311:9.681,9:-20.519:-8.377,9:-24.567:2.831,8:-2.15:-33.596,8:-0.282:32.72,7:-42.002:5.633,9:-2.15:21.512,10:-4.018:-8.066,10:-7.443:-4.641,10:-1.528:-0.593,10:0.029:10.926,10:2.209:9.37,10:8.124:-9,10:11.549:0.341,9:13.106:1.275,9:13.106:-0.593,10:-2.462:-3.396,10:5.011:7.501,9:15.596:-5.575,9:20.267:12.172,9:6.256:15.285,9:-3.707:23.069,9:-14.293:5.011,9:-20.519:-1.528,8:29.607:-1.839,10:-7.132:-5.886,10:12.794:1.275,9:-0.282:18.087,9:-13.981:9.37,8:17.153:21.201,8:-21.142:19.332,8:-25.812:19.021,7:-38.266:19.644,7:-35.775:26.805"
2024-05-04,9v7IQR7LRSLNzuQoOhHH,xfpd3dsBCM6tuSBWtI3f,,"10:0:0,10:0:0,10:0:0,9:0:0,9:0:0,8:0:0,9:0:0,9:0:0,9:0:0,8:0:0,8:0:0,7:0:0,10:0:0,9:0:0,9:0:0,9:0:0,8:0:0,8:0:0,9:0:0,8:0:0,8:0:0,8:0:0,8:0:0,7:0:0,10:0:0,10:0:0,9:0:0,9:0:0,8:0:0,8:0:0,10:0:0,10:0:0,9:0:0,9:0:0,8:0:0,8:0:0,10:0:0,9:0:0,9:0:0,8:0:0,7:0:0,5:0:0,9:0:0,9:0:0,9:0:0,8:0:0,8:0:0,7:0:0,10:0:0,9:0:0,8:0:0,8:0:0,8:0:0,6:0:0,10:0:0,9:0:0,9:0:0,8:0:0,8:0:0,6:0:0,10:0:0,10:0:0,9:0:0,8:0:0,7:0:0,6:0:0,10:0:0,9:0:0,8:0:0,7:0:0,7:0:0,7:0:0"
2024-04-13,vFk0cp8O1Pz8ppee6iuJ,DZTleo9azV1vDt3moosQ,,"10:0:0,10:0:0,9:0:0,9:0:0,9:0:0,6:0:0,10:0:0,9:0:0,9:0:0,8:0:0,8:0:0,7:0:0,9:0:0,9:0:0,9:0:0,9:0:0,9:0:0,8:0:0,10:0:0,9:0:0,9:0:0,9:0:0,8:0:0,8:0:0,10:0:0,9:0:0,9:0:0,9:0:0,8:0:0,8:0:0,10:0:0,10:0:0,9:0:0,9:0:0,8:0:0,7:0:0,10:0:0,10:0:0,8:0:0,7:0:0,7:0:0,6:0:0,10:0:0,10:0:0,9:0:0,9:0:0,9:0:0,8:0:0,10:0:0,10:0:0,9:0:0,9:0:0,8:0:0,8:0:0,10:0:0,9:0:0,9:0:0,8:0:0,8:0:0,8:0:0,10:0:0,10:0:0,9:0:0,8:0:0,8:0:0,0:0:0,10:0:0,10:0:0,10:0:0,9:0:0,9:0:0,8:0:0"
2024-04-07,kAku6Vc9qN5V2wO7RDs4,EbQrnk1JZB3fgbtdRh43,,"10:6.256:-4.952,10:8.435:0.341,9:14.662:8.435,9:20.889:4.699,9:-18.651:8.747,8:27.739:-7.754,10:-3.084:-5.264,10:-5.575:0.652,10:-8.377:8.747,9:7.501:-16.472,8:27.116:5.322,8:27.116:-7.443,10:3.454:-4.33,10:5.633:-7.443,10:4.699:6.879,9:15.285:-4.952,9:10.304:16.53,8:11.549:23.691,9:4.388:-21.142,9:8.435:14.04,9:21.512:6.879,8:24.937:5.011,8:15.596:24.003,8:-14.604:24.625,9:-8.938:-11.428,9:12.483:-6.82,9:-10.245:10.304,9:6.879:12.794,8:19.021:-23.944,8:-33.907:-4.33,10:-3.396:4.699,9:12.794:14.351,9:-18.029:10.615,8:24.937:-16.161,8:-0.905:28.361,8:-25.812:24.314,10:8.186:-3.956,10:7.813:7.813,9:5.633:12.794,9:0.029:19.644,9:-17.717:0.341,9:-19.897:15.285,10:2.52:3.454,10:-9:5.011,10:6.567:-6.509,10:9.681:-1.216,9:8.747:17.464,8:26.493:-0.905,10:11.549:-0.905,9:-11.491:9.37,9:-17.095:9.992,9:12.172:10.304,8:24.625:-10.556,7:-33.907:22.446,10:-7.443:-6.198,9:3.143:-17.406,9:7.501:-13.047,9:-5.575:14.351,9:3.454:16.842,7:34.588:15.285,9:15.285:-14.604,9:-18.029:-0.593,8:-24.567:17.153,8:9.681:28.984,8:25.248:19.955,7:5.945:44.551,10:2.582:1.648,10:-7.443:-6.509,9:-5.886:12.172,9:9.992:8.747,9:14.04:10.926,7:-39.823:10.304"
2024-04-06,RvhYSKoHP2Gj5N25w5di,AsXc43nlqAhEpUQXBVDu,,"10:4.139:0.714,10:8.435:-0.593,9:-0.593:-14.604,9:12.794:-4.641,9:18.087:13.106,9:7.19:22.757,9:-14.915:14.351,9:-17.095:-10.868,8:27.427:-13.047,10:3.143:-8.066,10:-5.575:-9,9:10.304:8.435,9:9.681:10.615,9:16.219:6.879,9:-11.491:8.435,9:-5.575:19.021,9:-23.944:7.813,8:-32.039:9.681,10:-10.245:-2.15,10:-9.311:4.388,9:-10.556:10.304,9:-14.915:5.011,9:-10.868:-16.783,9:-5.886:-16.472,9:-3.396:-17.095,8:28.05:-1.216,8:-13.359:24.314,10:-3.707:1.275,10:-7.443:-3.084,10:-3.396:7.19,9:-10.556:-19.274,9:16.842:-13.359,9:-13.67:0.652,8:-32.039:-9.311,8:-31.728:-1.839,8:-30.794:19.332,10:0.403:-10.806,10:0.341:-8.377,10:-5.886:-6.198,9:-12.425:-7.754,9:11.86:8.124,9:-1.216:18.71,8:-22.076:16.842,8:-26.746:-19.274,6:53.87:2.346,10:-0.282:5.322,9:1.586:19.955,9:-18.651:1.897,9:9.058:-15.849,9:17.776:12.172,9:24.314:-2.15,8:25.871:2.209,8:13.106:-30.171,7:21.201:33.032,10:-8.626:-3.645,9:-21.142:0.963,9:-13.359:-15.849,9:-10.245:-18.963,9:5.945:-21.142,9:16.842:-2.15,9:6.567:10.926,7:-38.266:-5.575,7:38.947:0.029,10:4.077:-1.839,10:-4.33:6.567,10:-9:-0.905,9:9.058:13.728,9:20.578:-0.593,8:-26.124:-7.754,8:-34.219:3.143,7:37.702:7.19,7:-44.493:9.992"
2024-04-02,EK32DU9QDtGuqgfaYgRs,RtVRboUhh36LhdT5ZjCL,,"10:9.743:4.762,9:11.86:-6.82,9:-9.622:10.304,9:-2.15:19.021,8:21.823:16.53,7:33.032:25.559,10:-0.282:-11.802,10:-9.622:7.19,9:-3.396:-14.604,9:-14.915:0.652,9:-16.783:4.077,9:2.52:17.776,10:-2.773:-3.084,10:6.567:-9.934,10:-8.377:-9,9:-13.359:4.077,9:-19.274:-10.556,9:12.794:10.926,10:-4.33:-2.462,10:5.945:-7.132,10:-5.575:6.256,9:-13.359:-13.359,8:-24.256:-14.293,8:-28.614:9.992,10:-1.528:-0.282,9:13.417:-0.905,9:15.285:-1.216,9:1.586:-18.029,9:2.209:-22.076,8:-22.076:-26.746,10:3.205:1.648,10:0.341:-12.113,9:-14.604:-8.377,9:-15.538:8.435,9:-24.567:0.652,8:27.427:5.322,10:4.388:-10.556,10:7.501:6.256,10:-11.491:0.029,9:5.945:18.087,9:8.435:18.087,8:11.86:25.559,9:16.219:12.483,9:10.926:-13.047,9:-1.528:-23.322,10:-11.179:-2.462,9:-20.208:5.633,9:-17.406:8.124,10:5.945:5.945,9:-4.33:13.728,9:-19.585:12.172,9:10.926:7.19,9:16.219:-7.443,8:26.493:-6.509,10:-9:2.209,10:10.926:-2.462,9:-14.293:9.681,9:12.794:12.483,9:14.974:-8.688,8:-17.406:-23.633,10:-3.084:-4.641,10:0.341:-7.754,10:-4.33:8.747,10:5.945:-8.377,8:-34.841:7.813,8:1.275:26.493,10:4.699:-9.622,10:-4.018:-0.593,8:-7.754:27.427,8:-14.293:25.248,9:9.992:-21.765,8:36.768:2.52"
2024-03-30,2za0RgXLVY2SW9AzOYGc,fOiQvCCo08ayWfzuZXKx,,"10:0:0,10:0:0,10:0:0,10:0:0,7:0:0,6:0:0,10:0:0,10:0:0,9:0:0,9:0:0,8:0:0,7:0:0,10:0:0,10:0:0,10:0:0,9:0:0,9:0:0,9:0:0,10:0:0,10:0:0,9:0:0,9:0:0,9:0:0,9:0:0,10:0:0,9:0:0,9:0:0,9:0:0,7:0:0,7:0:0,10:0:0,10:0:0,9:0:0,9:0:0,9:0:0,7:0:0,10:0:0,9:0:0,9:0:0,9:0:0,8:0:0,8:0:0,10:0:0,9:0:0,9:0:0,8:0:0,7:0:0,7:0:0,10:0:0,10:0:0,9:0:0,9:0:0,9:0:0,8:0:0,9:0:0,9:0:0,9:0:0,9:0:0,8:0:0,8:0:0,9:0:0,9:0:0,9:0:0,9:0:0,8:0:0,8:0:0,10:0:0,10:0:0,9:0:0,9:0:0,9:0:0,8:0:0"
2024-03-29,msbJ1bvpHlP0EjfTPqWs,nzsA11j8eRVHE06WTsOF,,"10:4.139:-0.22,9:19.955:5.011,9:6.567:20.889,9:-13.67:18.087,8:-30.482:5.945,8:-30.171:12.172,10:1.275:0.029,10:-1.528:-4.641,10:-7.132:6.567,9:-10.245:9.058,8:6.879:27.739,7:31.164:24.003,10:1.586:-0.282,10:-4.641:1.586,9:-8.066:-12.736,9:-13.047:8.747,9:15.596:9.37,9:15.285:13.106,10:4.699:-0.593,10:7.501:3.765,9:13.106:-0.282,9:-19.897:14.04,8:-30.794:-14.915,7:-26.435:32.72,10:-4.641:4.077,10:-5.575:7.813,9:-9.622:12.483,9:-18.029:-0.282,9:13.417:8.435,9:-0.282:-21.454,10:8.435:-0.593,10:-0.282:11.549,9:7.501:16.53,9:-18.651:-2.15,8:-30.482:-0.593,2:89.752:47.429"
2024-03-29,HzXbImznkndaJKkf5Xex,nzsA11j8eRVHE06WTsOF,,"10:-0.22:3.516,10:4.699:8.435,10:-9.311:-5.886,10:9.37:-1.528,10:11.86:0.341,9:13.417:-2.15,9:11.86:16.219,9:19.021:-10.868,9:-23.01:9.058,8:8.435:-24.878,8:-8.377:24.314,8:-23.633:14.351,10:2.831:-5.264,10:0.341:-7.443,10:-4.952:2.831,10:-9.622:3.765,9:7.813:-11.491,9:8.747:-14.604,9:11.86:-5.886,9:14.351:2.52,9:1.275:20.578,9:-8.377:16.842,9:-16.161:8.124,9:-23.01:4.388,10:-9.872:-3.956,10:-8.377:6.879,10:-4.33:11.86,10:8.124:5.633,10:11.549:-3.084,9:-0.593:-14.604,9:-17.406:-7.754,9:-8.066:12.172,9:20.267:-8.377,9:19.955:8.435,8:23.691:-14.604,8:-22.076:29.295"
2024-03-28,DHAUdNluGdH8Pv2enFG6,Lk61NWoISbrHqqiKEnIz,,"10:0:0,10:0:0,9:0:0,9:0:0,9:0:0,9:0:0,10:0:0,10:0:0,10:0:0,10:0:0,9:0:0,8:0:0,9:0:0,9:0:0,9:0:0,9:0:0,8:0:0,8:0:0,10:0:0,10:0:0,10:0:0,9:0:0,9:0:0,8:0:0,10:0:0,10:0:0,9:0:0,9:0:0,9:0:0,8:0:0,10:0:0,10:0:0,10:0:0,9:0:0,9:0:0,9:0:0"
2024-03-24,vAmBaEBzxw9SNk12NYXp,gyc2Y3ucwjQRvBkmJr4b,,"10:0:0,10:0:0,10:0:0,10:0:0,8:0:0,9:0:0,10:0:0,10:0:0,8:0:0,10:0:0,9:0:0,9:0:0,9:0:0,10:0:0,10:0:0,10:0:0,10:0:0,10:0:0,10:0:0,8:0:0,10:0:0,10:0:0,9:0:0,9:0:0,9:0:0,10:0:0,9:0:0,10:0:0,10:0:0,9:0:0,9:0:0,9:0:0,10:0:0,9:0:0,8:0:0,10:0:0,9:0:0,10:0:0,7:0:0,9:0:0,8:0:0,10:0:0,9:0:0,10:0:0,10:0:0,10:0:0,9:0:0,9:0:0,10:0:0,10:0:0,10:0:0,10:0:0,10:0:0,10:0:0,10:0:0,10:0:0,10:0:0,9:0:0,9:0:0,10:0:0"
2024-03-21,Wt3ZjL41kuOOIKzoiMRO,w1GsVMz0f5HFWDfICMKz,,"10:0:0,10:0:0,10:0:0,10:0:0,10:0:0,10:0:0,10:0:0,10:0:0,10:0:0,8:0:0,10:0:0,9:0:0,9:0:0,9:0:0,9:0:0,10:0:0,10:0:0,9:0:0,10:0:0,10:0:0,10:0:0,9:0:0,9:0:0,10:0:0,10:0:0,10:0:0,10:0:0,10:0:0,8:0:0,9:0:0,10:0:0,10:0:0,10:0:0,10:0:0,10:0:0,10:0:0,10:0:0,10:0:0,10:0:0,10:0:0,10:0:0,10:0:0,10:0:0,10:0:0,10:0:0,10:0:0,10:0:0,9:0:0,9:0:0,9:0:0,10:0:0,10:0:0,9:0:0,9:0:0,9:0:0,10:0:0,10:0:0,9:0:0,10:0:0,9:0:0"
2024-03-02,dnXln7Ng3mPH3EmBj7qt,xBKUY0wunaMkmyBTIjUE,,"10:0:0,10:0:0,10:0:0,9:0:0,10:0:0,10:0:0,10:0:0,10:0:0,9:0:0,9:0:0,6:0:0,10:0:0,10:0:0,10:0:0,9:0:0,10:0:0,10:0:0,7:0:0,10:0:0,10:0:0,9:0:0,10:0:0,10:0:0,9:0:0,10:0:0,10:0:0,9:0:0,10:0:0,8:0:0,9:0:0"
2024-03-01,ThTvSio8vv2fapRnf60J,0rkOwZXh8ttalTYa7aBo,,"9:0:0,9:0:0,8:0:0,8:0:0,10:0:0,9:0:0,10:0:0,10:0:0,9:0:0,10:0:0,10:0:0,10:0:0,10:0:0,10:0:0,10:0:0,9:0:0,10:0:0,10:0:0,9:0:0,10:0:0,10:0:0,10:0:0,10:0:0,9:0:0,10:0:0,9:0:0,10:0:0,10:0:0,9:0:0,10:0:0"
2024-02-21,eN3axv6Dx8CaRQ5sKxdH,Xe2b9BFXdusMzIWNxfT8,,"10:0:0,10:0:0,9:0:0,10:0:0,9:0:0,10:0:0,9:0:0,9:0:0,9:0:0,9:0:0,10:0:0,10:0:0,10:0:0,10:0:0,9:0:0,9:0:0,10:0:0,10:0:0,10:0:0,9:0:0,10:0:0,8:0:0,8:0:0,10:0:0,8:0:0,9:0:0,9:0:0,8:0:0,9:0:0,9:0:0,10:0:0,10:0:0,10:0:0,9:0:0,10:0:0,8:0:0,9:0:0,10:0:0,9:0:0,10:0:0,10:0:0,10:0:0,10:0:0,9:0:0,10:0:0,9:0:0,10:0:0,10:0:0,10:0:0,9:0:0,9:0:0,10:0:0,9:0:0,9:0:0,9:0:0,10:0:0,10:0:0,9:0:0,9:0:0,10:0:0"
2024-02-18,ZlDHCSXvA89n54NAc5Zq,rzXcIvNzs6owy7XCBSC1,,"10:7.252:4.762,9:-10.245:-9.934,9:7.813:20.578,9:4.388:21.201,9:19.955:-7.443,9:19.644:-1.216,10:-2.773:-1.216,10:-10.556:-3.396,10:2.52:9.058,10:9.058:5.011,9:16.53:-13.67,7:-46.361:12.172,10:-0.593:10.304,10:0.652:8.747,10:-0.282:10.304,9:16.53:2.831,9:-18.029:12.794,7:42.683:-13.981,10:0.185:-2.929,10:8.124:8.124,9:-8.688:-17.095,9:17.776:2.52,8:1.275:-30.171,7:-38.577:-6.509,10:-1.528:2.831,10:-8.066:-9.311,9:18.398:-13.981,9:-23.944:1.897,8:-14.915:-29.237,7:9.37:-39.511,10:0.341:-2.462,10:8.747:1.586,9:-21.765:-8.688,9:-18.963:-8.377,9:18.087:11.238,8:-27.058:4.699,10:-1.334:8.787,9:13.791:0.091,9:-18.651:-10.868,9:-14.915:9.37,9:-18.029:12.483,8:-32.351:11.238,10:-1.839:-4.33,10:2.52:0.029,10:1.275:1.897,10:-9.311:-0.593,9:-7.132:13.417,8:-0.905:26.182,10:-1.216:-4.952,10:-5.886:-5.886,10:8.435:-0.282,10:-1.839:11.238,9:-12.425:-13.359,8:27.739:-8.377,10:-5.575:-0.905,9:-8.688:-11.802,9:-15.538:-5.886,9:-3.707:16.53,9:16.53:5.633,8:26.182:-3.707,10:2.52:-2.773,9:-14.915:-7.754,8:-15.849:-25.501,8:15.596:-23.944,7:20.578:37.702,4:75.031:29.948,10:-11.74:-1.465,9:-23.633:-5.886,9:-24.256:-1.216,9:-5.886:20.267,8:-4.952:25.559,7:40.815:25.559"
2024-02-16,XDIpnV3TStS8fTYhwNo1,sL2V6uLCEXmIsfxoXYyT,,"10:9.707:-1.334,9:15.227:-5.014,9:17.987:6.026,9:-16.975:8.787,9:-15.135:14.307,9:-16.055:9.707,10:-0.531:10.366,9:-15.227:1.586,9:-15.849:13.728,9:15.285:-5.264,9:21.201:4.388,8:-6.198:-35.775,10:2.831:1.586,10:8.747:-0.905,9:-14.293:-0.282,9:17.464:-12.113,9:-21.765:1.586,7:-43.559:3.765,9:17.153:-9.622,9:-10.245:-16.472,9:-19.585:1.897,8:17.153:-28.303,7:-39.2:-8.066,6:-50.72:15.596,10:-9:-4.018,9:15.596:-9,9:-8.066:-20.208,9:-18.029:1.275,8:-12.425:26.182,8:-17.406:-25.501,10:8.124:6.256,9:-4.33:-14.604,9:14.974:-8.688,8:-6.509:-29.86,8:-29.86:2.831,8:-19.585:20.578,9:18.149:-3.645,9:-13.047:3.765,9:-17.717:5.945,8:15.285:22.135,7:36.768:10.926,2:101.713:-8.695,10:6.63:-4.267,10:-6.509:6.567,10:-9.311:-4.018,9:0.341:-14.604,9:-15.538:1.897,5:66.75:-1.334,10:-10.183:3.828,10:-9.934:2.209,9:5.633:12.794,9:4.077:14.351,8:26.805:0.029,8:-30.794:5.011,10:2.271:0.403,10:-12.425:-2.15,9:-5.886:-24.256,9:-19.274:-1.528,9:-21.765:4.388,9:-13.981:19.021,10:0.341:-1.839,10:-0.593:-3.707,9:4.699:-13.67,9:-7.754:-12.113,9:-15.538:-16.783,7:9.992:44.24,10:-0.22:5.384,10:6.256:3.765,10:-6.82:6.879,10:6.879:-9.311,9:-17.406:-11.802,8:-24.878:-20.208"
2024-02-10,EWr80o6dZOmDut26Wiv5,OrCuisBUa6Dd1s1PW0t5,,"10:0:0,10:0:0,9:0:0,10:0:0,8:0:0,9:0:0,8:0:0,10:0:0,10:0:0,10:0:0,10:0:0,9:0:0,9:0:0,9:0:0,10:0:0,10:0:0,10:0:0,9:0:0,9:0:0,10:0:0,8:0:0,10:0:0,10:0:0,10:0:0,10:0:0,9:0:0,9:0:0,9:0:0,9:0:0,9:0:0,10:0:0,9:0:0,10:0:0,10:0:0,9:0:0,9:0:0,10:0:0,9:0:0,9:0:0,10:0:0,10:0:0,9:0:0,10:0:0,8:0:0,9:0:0,8:0:0,9:0:0,10:0:0,10:0:0,9:0:0,9:0:0,8:0:0,10:0:0,9:0:0,9:0:0,9:0:0,9:0:0,10:0:0,9:0:0,8:0:0"
2024-02-04,eEXmxSoUL2UG57pgbOE1,kX6MYBDlroil56aPspIz,,"10:0:0,9:0:0,9:0:0,10:0:0,9:0:0,9:0:0,10:0:0,9:0:0,0:0:0,10:0:0,10:0:0,9:0:0,10:0:0,10:0:0,9:0:0,10:0:0,10:0:0,8:0:0,10:0:0,10:0:0,9:0:0,9:0:0,9:0:0,9:0:0,10:0:0,9:0:0,8:0:0,10:0:0,10:0:0,9:0:0"
2024-02-03,rbqtLEhKMwqeO7zB7C3z,TYIUlKNwbeMp56kvB1qa,,"10:0:0,10:0:0,9:0:0,9:0:0,9:0:0,9:0:0,10:0:0,9:0:0,9:0:0,10:0:0,10:0:0,9:0:0,10:0:0,9:0:0,9:0:0,10:0:0,9:0:0,9:0:0,9:0:0,8:0:0,7:0:0,10:0:0,9:0:0,8:0:0,10:0:0,10:0:0,9:0:0,10:0:0,9:0:0,9:0:0"
2024-02-03,Mswhmfyj4lmI9pBYl4dP,PCWSffgvodwONTfMvA4Z,,"10:0:0,10:0:0,9:0:0,10:0:0,9:0:0,9:0:0,10:0:0,9:0:0,9:0:0,9:0:0,9:0:0,9:0:0,10:0:0,9:0:0,8:0:0,10:0:0,9:0:0,8:0:0,10:0:0,10:0:0,9:0:0,10:0:0,9:0:0,8:0:0,10:0:0,10:0:0,9:0:0,10:0:0,10:0:0,9:0:0"
2024-01-27,1Xz80feY5jO8r8KY8vfd,UBY3PBEKoYuyeuHObtRz,,"10:0:0,10:0:0,10:0:0,9:0:0,10:0:0,9:0:0,10:0:0,10:0:0,10:0:0,10:0:0,10:0:0,10:0:0,9:0:0,10:0:0,10:0:0,10:0:0,9:0:0,10:0:0,10:0:0,10:0:0,9:0:0,9:0:0,9:0:0,10:0:0,10:0:0,10:0:0,10:0:0,10:0:0,10:0:0,9:0:0,8:0:0,9:0:0,10:0:0,10:0:0,9:0:0,9:0:0,10:0:0,10:0:0,10:0:0,10:0:0,10:0:0,9:0:0,10:0:0,10:0:0,10:0:0,10:0:0,9:0:0,10:0:0,10:0:0,10:0:0,10:0:0,10:0:0,10:0:0,9:0:0,8:0:0,9:0:0,10:0:0,9:0:0,9:0:0,10:0:0"
2024-01-26,Ui5mIdcCBBJ4kcl95VvP,haUs48E06ufWKVVaASxP,,"9:0:0,9:0:0,8:0:0,9:0:0,10:0:0,9:0:0,10:0:0,10:0:0,10:0:0,10:0:0,8:0:0,9:0:0,10:0:0,10:0:0,10:0:0,10:0:0,10:0:0,10:0:0,10:0:0,10:0:0,10:0:0,10:0:0,10:0:0,10:0:0,10:0:0,9:0:0,9:0:0,10:0:0,9:0:0,9:0:0,10:0:0,10:0:0,10:0:0,10:0:0,9:0:0,9:0:0,8:0:0,9:0:0,10:0:0,10:0:0,10:0:0,9:0:0,10:0:0,9:0:0,10:0:0,10:0:0,10:0:0,9:0:0,9:0:0,10:0:0,10:0:0,10:0:0,10:0:0,10:0:0,9:0:0,10:0:0,10:0:0,10:0:0,10:0:0,10:0:0"
2024-01-24,PRStxxfdmLz2IJQn1VdE,SXT21HdRuyvKeRq1LEIy,,"9:0:0,10:0:0,10:0:0,10:0:0,10:0:0,10:0:0,9:0:0,9:0:0,10:0:0,10:0:0,10:0:0,9:0:0,10:0:0,10:0:0,10:0:0,10:0:0,9:0:0,9:0:0,10:0:0,10:0:0,9:0:0,10:0:0,10:0:0,8:0:0,10:0:0,10:0:0,10:0:0,9:0:0,10:0:0,10:0:0,9:0:0,9:0:0,9:0:0,10:0:0,9:0:0,10:0:0,10:0:0,8:0:0,9:0:0,10:0:0,10:0:0,10:0:0,10:0:0,10:0:0,8:0:0,10:0:0,9:0:0,10:0:0,10:0:0,10:0:0,10:0:0,10:0:0,10:0:0,9:0:0,9:0:0,10:0:0,8:0:0,10:0:0,9:0:0,10:0:0"
2024-01-23,J1zZ4v52kp6CEvGbiOac,7uk4nV2KybPweLLaf3ZE,,"9:0:0,9:0:0,10:0:0,10:0:0,10:0:0,10:0:0,9:0:0,10:0:0,9:0:0,9:0:0,10:0:0,10:0:0,10:0:0,10:0:0,8:0:0,9:0:0,9:0:0,10:0:0,8:0:0,10:0:0,9:0:0,10:0:0,10:0:0,7:0:0,9:0:0,9:0:0,9:0:0,10:0:0,9:0:0,9:0:0,9:0:0,9:0:0,10:0:0,10:0:0,9:0:0,9:0:0,9:0:0,10:0:0,10:0:0,10:0:0,9:0:0,10:0:0,9:0:0,9:0:0,10:0:0,10:0:0,10:0:0,10:0:0,10:0:0,10:0:0,10:0:0,8:0:0,8:0:0,10:0:0,10:0:0,10:0:0,10:0:0,8:0:0,10:0:0,10:0:0"
2024-01-23,6Y4bFvStxXaRI1LqD529,qJvPmFqBN802oq1LU7O0,,"10:0:0,9:0:0,9:0:0,10:0:0,10:0:0,10:0:0,10:0:0,10:0:0,9:0:0,10:0:0,10:0:0,9:0:0,9:0:0,10:0:0,8:0:0,9:0:0,10:0:0,8:0:0,10:0:0,10:0:0,10:0:0,10:0:0,9:0:0,9:0:0,9:0:0,10:0:0,10:0:0,8:0:0,10:0:0,10:0:0"
2024-01-07,2owOKiRMBfffZgyDCQUa,8JMojRFSqURRud9UbFSA,,"10:0:0,9:0:0,9:0:0,9:0:0,9:0:0,8:0:0,10:0:0,10:0:0,10:0:0,10:0:0,10:0:0,10:0:0,10:0:0,10:0:0,10:0:0,8:0:0,8:0:0,7:0:0,10:0:0,10:0:0,10:0:0,9:0:0,9:0:0,8:0:0,10:0:0,10:0:0,10:0:0,10:0:0,9:0:0,9:0:0,10:0:0,10:0:0,9:0:0,8:0:0,8:0:0,7:0:0"
2024-01-03,sbVIaYHnfaFvHmcvY1kA,SIF0li3Tpx52IrraCqRf,,"9:0:0,10:0:0,9:0:0,10:0:0,9:0:0,10:0:0,9:0:0,10:0:0,9:0:0,9:0:0,10:0:0,10:0:0,10:0:0,9:0:0,10:0:0,10:0:0,10:0:0,10:0:0,10:0:0,9:0:0,9:0:0,9:0:0,10:0:0,10:0:0,10:0:0,10:0:0,9:0:0,8:0:0,8:0:0,10:0:0,10:0:0,9:0:0,9:0:0,7:0:0,9:0:0,9:0:0,10:0:0,10:0:0,10:0:0,9:0:0,10:0:0,10:0:0,10:0:0,10:0:0,10:0:0,10:0:0,10:0:0,10:0:0,10:0:0,9:0:0,10:0:0,10:0:0,9:0:0,10:0:0,9:0:0,10:0:0,10:0:0,10:0:0,10:0:0,10:0:0,10:0:0,9:0:0,9:0:0,9:0:0,9:0:0,10:0:0,10:0:0,10:0:0,9:0:0,10:0:0,9:0:0,9:0:0,10:0:0,10:0:0,9:0:0,9:0:0,10:0:0,9:0:0,9:0:0,9:0:0,10:0:0,9:0:0,9:0:0,8:0:0,10:0:0,9:0:0,9:0:0,10:0:0,10:0:0,8:0:0"
2024-01-01,4mopEjrRgaE8EZIbQK7N,3YQ5qFcc8iKYU8fzW9C5,,"10:0:0,9:0:0,10:0:0,9:0:0,9:0:0,9:0:0,10:0:0,10:0:0,9:0:0,10:0:0,10:0:0,10:0:0,9:0:0,10:0:0,9:0:0,10:0:0,10:0:0,10:0:0,10:0:0,10:0:0,10:0:0,10:0:0,9:0:0,0:0:0,9:0:0,9:0:0,10:0:0,9:0:0,10:0:0,9:0:0,9:0:0,10:0:0,10:0:0,10:0:0,9:0:0,10:0:0,9:0:0,10:0:0,8:0:0,10:0:0,10:0:0,9:0:0,10:0:0,10:0:0,8:0:0,10:0:0,9:0:0,10:0:0,10:0:0,10:0:0,10:0:0,10:0:0,10:0:0,9:0:0,10:0:0,9:0:0,10:0:0,9:0:0,9:0:0,10:0:0"
2023-12-18,liPjbNkwYiAYHLYcZtzT,Rl98bNs4jFvkrs28NCyv,,"10:0:0,10:0:0,9:0:0,10:0:0,10:0:0,9:0:0,10:0:0,9:0:0,8:0:0,10:0:0,10:0:0,10:0:0,10:0:0,9:0:0,9:0:0,10:0:0,10:0:0,10:0:0,10:0:0,10:0:0,9:0:0,10:0:0,10:0:0,9:0:0,10:0:0,9:0:0,9:0:0,10:0:0,10:0:0,10:0:0"
2023-11-05,lJbuo5rQL0qA7bYzrbA6,EL3VQsgcGWUaPiF3ohUn,,"10:0:0,10:0:0,10:0:0,9:0:0,10:0:0,10:0:0,10:0:0,10:0:0,9:0:0,10:0:0,9:0:0,9:0:0,9:0:0,10:0:0,10:0:0,8:0:0,9:0:0,10:0:0,10:0:0,10:0:0,9:0:0,8:0:0,9:0:0,9:0:0,10:0:0,9:0:0,8:0:0,10:0:0,10:0:0,8:0:0"
2023-04-01,kDlRGI5Yzdhgwq53nWF0,k9lGBIyWTUzuqbdg6UEc,,"10:0:0,10:0:0,9:0:0,10:0:0,10:0:0,10:0:0,10:0:0,10:0:0,9:0:0,9:0:0,9:0:0,9:0:0,10:0:0,10:0:0,9:0:0,10:0:0,9:0:0,9:0:0,10:0:0,9:0:0,9:0:0,10:0:0,10:0:0,10:0:0,10:0:0,9:0:0,9:0:0,10:0:0,10:0:0,8:0:0,10:0:0,9:0:0,9:0:0,10:0:0,9:0:0,9:0:0,10:0:0,10:0:0,10:0:0,10:0:0,10:0:0,9:0:0,10:0:0,10:0:0,9:0:0,10:0:0,10:0:0,10:0:0,10:0:0,10:0:0,9:0:0,10:0:0,10:0:0,9:0:0,10:0:0,10:0:0,10:0:0,9:0:0,9:0:0,8:0:0"